npa_plz,town,state,latitude,longitude
1002,Lausanne,VD,46.5196,6.63233
1003,Lausanne,VD,46.5213,6.63133
1004,Lausanne,VD,46.5301,6.61868
1005,Lausanne,VD,46.5229,6.64404
1006,Lausanne,VD,46.4924,6.63572
1007,Lausanne,VD,46.4893,6.60783
1009,Pully,VD,46.4896,6.65655
1011,Lausanne,VD,46.5267,6.64396
1012,Lausanne,VD,46.5284,6.65742
1014,Lausanne Adm cant VD,VD,46.5196,6.63234
1015,Lausanne,VD,46.5206,6.57759
1018,Lausanne,VD,46.5391,6.62925
1022,Chavannes-près-Renens,VD,46.5298,6.57629
1024,Ecublens VD,VD,46.53,6.55949
1025,St-Sulpice VD,VD,46.4868,6.56345
1027,Lonay,VD,46.5311,6.51782
1028,Préverenges,VD,46.4954,6.52993
1029,Villars-Ste-Croix,VD,46.5686,6.56406
1031,Mex VD,VD,46.5784,6.55978
1032,Romanel-sur-Lausanne,VD,46.5671,6.60996
1034,Boussens,VD,46.6046,6.58688
1035,Bournens,VD,46.6102,6.5649
1036,Sullens,VD,46.5924,6.5682
1037,Etagnières,VD,46.6027,6.60937
1038,Bercher,VD,46.6929,6.70713
1043,Sugnens,VD,46.6557,6.67374
1044,Fey,VD,46.6742,6.68097
1045,Ogens,VD,46.7106,6.72449
1054,Morrens VD,VD,46.5936,6.62789
1055,Froideville,VD,46.5994,6.69257
1058,Villars-Tiercelin,VD,46.6212,6.7117
1059,Peney-le-Jorat,VD,46.6314,6.7298
1061,Villars-Mendraz,VD,46.6466,6.7276
1062,Sottens,VD,46.6549,6.74078
1068,Les Monts-de-Pully,VD,46.5359,6.686
1070,Puidoux,VD,46.4957,6.77872
1072,Forel (Lavaux),VD,46.5372,6.76484
1076,Ferlens VD,VD,46.5903,6.78995
1077,Servion,VD,46.575,6.78092
1078,Essertes,VD,46.5658,6.78989
1080,Les Cullayes,VD,46.5741,6.75669
1081,Montpreveyres,VD,46.5826,6.73135
1082,Corcelles-le-Jorat,VD,46.6026,6.73163
1083,Mézières VD,VD,46.5884,6.76647
1084,Carrouge VD,VD,46.604,6.77365
1085,Vulliens,VD,46.624,6.79443
1088,Ropraz,VD,46.6122,6.75453
1090,La Croix (Lutry),VD,46.5228,6.70619
1092,Belmont-sur-Lausanne,VD,46.5277,6.68839
1093,La Conversion,VD,46.5154,6.68659
1094,Paudex,VD,46.4841,6.67238
1097,Riex,VD,46.5021,6.74146
1098,Epesses,VD,46.4978,6.75057
1112,Echichens,VD,46.5316,6.49762
1113,St-Saphorin-sur-Morges,VD,46.5475,6.49248
1114,Colombier VD,VD,46.5565,6.46857
1115,Vullierens,VD,46.5747,6.4816
1116,Cottens VD,VD,46.5756,6.45413
1117,Grancy,VD,46.5949,6.46175
1121,Bremblens,VD,46.5496,6.52022
1122,Romanel-sur-Morges,VD,46.5579,6.5114
1123,Aclens,VD,46.5696,6.51171
1124,Gollion,VD,46.5873,6.51276
1125,Monnaz,VD,46.5343,6.48057
1126,Vaux-sur-Morges,VD,46.5398,6.46471
1127,Clarmont,VD,46.5499,6.45042
1128,Reverolle,VD,46.543,6.44082
1131,Tolochenaz,VD,46.4862,6.49289
1132,Lully VD,VD,46.5075,6.46518
1135,Denens,VD,46.5187,6.45344
1136,Bussy-Chardonney,VD,46.5321,6.44175
1141,Sévery,VD,46.5719,6.44294
1142,Pampigny,VD,46.5875,6.42284
1143,Apples,VD,46.5563,6.41739
1144,Ballens,VD,46.5548,6.37876
1146,Mollens VD,VD,46.58,6.35612
1147,Montricher,VD,46.6046,6.35963
1149,Berolle,VD,46.5695,6.32942
1163,Etoy,VD,46.4854,6.42254
1164,Buchillon,VD,46.448,6.42938
1165,Allaman,VD,46.4433,6.39908
1166,Perroy,VD,46.444,6.37135
1167,Lussy-sur-Morges,VD,46.5022,6.44891
1168,Villars-sous-Yens,VD,46.5082,6.43092
1169,Yens,VD,46.5283,6.40748
1172,Bougy-Villars,VD,46.4851,6.35163
1173,Féchy,VD,46.4803,6.37351
1175,Lavigny,VD,46.5027,6.40894
1176,St-Livres,VD,46.5188,6.38197
1182,Gilly,VD,46.4644,6.29904
1183,Bursins,VD,46.449,6.29065
1185,Mont-sur-Rolle,VD,46.4766,6.3372
1186,Essertines-sur-Rolle,VD,46.4864,6.31126
1187,St-Oyens,VD,46.4962,6.29903
1189,Saubraz,VD,46.5196,6.32762
1197,Prangins,VD,46.3934,6.26325
1201,Genève,GE,46.212,6.14764
1202,Genève,GE,46.2222,6.14389
1203,Genève,GE,46.2091,6.12286
1204,Genève,GE,46.2039,6.14641
1205,Genève,GE,46.1973,6.1411
1206,Genève,GE,46.1907,6.15811
1207,Genève,GE,46.208,6.16324
1208,Genève,GE,46.1997,6.16834
1209,Genève,GE,46.2227,6.12383
1216,Cointrin,GE,46.2253,6.10687
1220,Les Avanchets,GE,46.222,6.10984
1228,Plan-les-Ouates,GE,46.1654,6.11878
1231,Conches,GE,46.1867,6.17771
1236,Cartigny,GE,46.1771,6.03164
1237,Avully,GE,46.1687,5.99921
1239,Collex,GE,46.2808,6.1219
1240,Genève,GE,46.2038,6.13993
1241,Puplinge,GE,46.2121,6.23297
1242,Satigny,GE,46.2155,6.03576
1243,Presinge,GE,46.2192,6.26095
1244,Choulex,GE,46.2275,6.2246
1245,Collonge-Bellerive,GE,46.2598,6.19708
1246,Corsier GE,GE,46.2672,6.21916
1247,Anières,GE,46.2821,6.22332
1248,Hermance,GE,46.3001,6.23325
1251,Gy,GE,46.2533,6.26965
1252,Meinier,GE,46.2442,6.23594
1253,Vandoeuvres,GE,46.2202,6.20441
1254,Jussy,GE,46.2384,6.27988
1255,Veyrier,GE,46.1696,6.17767
1256,Troinex,GE,46.1605,6.1514
1262,Eysins,VD,46.3826,6.20583
1263,Crassier,VD,46.3773,6.16885
1264,St-Cergue,VD,46.4523,6.1422
1265,La Cure,VD,46.4623,6.09425
1266,Duillier,VD,46.4105,6.2305
1269,Bassins,VD,46.4909,6.19968
1270,Trélex,VD,46.4202,6.1974
1271,Givrins,VD,46.434,6.19699
1272,Genolier,VD,46.4375,6.22113
1275,Chéserex,VD,46.4122,6.14868
1276,Gingins,VD,46.4275,6.14001
1278,La Rippe,VD,46.4082,6.11744
1281,Russin,GE,46.1952,6.01463
1284,Chancy,GE,46.1487,5.97943
1285,Athenaz (Avusy),GE,46.1508,6.00931
1286,Soral,GE,46.1494,6.0481
1287,Laconnex,GE,46.1601,6.03484
1288,Aire-la-Ville,GE,46.1915,6.04298
1291,Commugny,VD,46.3248,6.16165
1292,Chambésy,GE,46.2387,6.15177
1293,Bellevue,GE,46.2557,6.14624
1294,Genthod,GE,46.265,6.16216
1297,Founex,VD,46.3344,6.19832
1299,Crans-près-Céligny,VD,46.3612,6.22037
1302,Vufflens-la-Ville,VD,46.5767,6.53813
1303,Penthaz,VD,46.6,6.54218
1306,Daillens,VD,46.6299,6.55047
1307,Lussery-Villars,VD,46.6341,6.52634
1308,La Chaux (Cossonay),VD,46.6231,6.46955
1311,Eclépens Scanning-Center,VD,46.6511,6.52899
1312,Eclépens,VD,46.6529,6.54391
1313,Ferreyres,VD,46.6615,6.48035
1315,La Sarraz,VD,46.6558,6.50563
1316,Chevilly,VD,46.6437,6.47463
1317,Orny,VD,46.672,6.53739
1318,Pompaples,VD,46.6781,6.52211
1320,Daillens ST PP 1,VD,46.6288,6.53092
1321,Arnex-sur-Orbe,VD,46.6913,6.51766
1322,Croy,VD,46.6872,6.48666
1323,Romainmôtier,VD,46.6881,6.46263
1324,Premier,VD,46.7105,6.44266
1325,Vaulion,VD,46.6872,6.38489
1326,Juriens,VD,46.6841,6.4309
1329,Bretonnières,VD,46.7172,6.47119
1330,Daillens CALL,VD,46.6206,6.54867
1337,Vallorbe,VD,46.7096,6.37311
1338,Ballaigues,VD,46.7362,6.41119
1341,L'Orient,VD,46.5924,6.25845
1342,Le Pont,VD,46.6717,6.3384
1343,Les Charbonnières,VD,46.6797,6.30308
1344,L'Abbaye,VD,46.6418,6.32478
1346,Les Bioux,VD,46.6163,6.29154
1352,Agiez,VD,46.7194,6.5085
1353,Bofflens,VD,46.7049,6.49611
1354,Montcherand,VD,46.7353,6.51158
1357,Lignerolle,VD,46.7511,6.44959
1358,Valeyres-sous-Rances,VD,46.7495,6.53616
1372,Bavois,VD,46.6806,6.5668
1373,Chavornay,VD,46.7063,6.56924
1374,Corcelles-sur-Chavornay,VD,46.704,6.60545
1375,Penthéréaz,VD,46.6841,6.60737
1377,Oulens-sous-Echallens,VD,46.648,6.57378
1405,Pomy,VD,46.7596,6.67007
1406,Cronay,VD,46.7582,6.70378
1408,Prahins,VD,46.7378,6.73388
1409,Chanéaz,VD,46.7289,6.74539
1416,Pailly,VD,46.701,6.67436
1418,Vuarrens,VD,46.6871,6.64672
1420,Fiez,VD,46.8285,6.62743
1424,Champagne,VD,46.8371,6.65243
1425,Onnens VD,VD,46.8442,6.6907
1427,Bonvillars,VD,46.8389,6.67545
1429,Giez,VD,46.8158,6.61058
1430,Orges,VD,46.8135,6.58395
1433,Suchy,VD,46.7226,6.60589
1434,Ependes VD,VD,46.7461,6.60351
1435,Essert-Pittet,VD,46.7301,6.57973
1437,Suscévaz,VD,46.7634,6.58758
1438,Mathod,VD,46.7609,6.56584
1439,Rances,VD,46.7672,6.50836
1440,Montagny-Chamard,VD,46.7906,6.62031
1441,Valeyres-sous-Montagny,VD,46.8018,6.60454
1442,Montagny-près-Yverdon,VD,46.7917,6.61058
1445,Vuiteboeuf,VD,46.806,6.55505
1446,Baulmes,VD,46.7878,6.50563
1452,Les Rasses,VD,46.8396,6.53611
1462,Yvonand,VD,46.8015,6.73357
1468,Cheyres,FR,46.8221,6.77647
1474,Châbles FR,FR,46.8301,6.80177
1482,Cugy FR,FR,46.8122,6.8948
1485,Nuvilly,FR,46.7854,6.83475
1486,Vuissens,FR,46.7359,6.77004
1489,Murist,FR,46.7973,6.81207
1509,Vucherens,VD,46.6282,6.7767
1512,Chavannes-sur-Moudon,VD,46.661,6.81968
1514,Bussy-sur-Moudon,VD,46.6918,6.81046
1521,Curtilles,VD,46.7018,6.85147
1523,Granges-près-Marnand,VD,46.7685,6.88783
1524,Marnand,VD,46.7624,6.9055
1527,Villeneuve FR,FR,46.7434,6.86768
1529,Cheiry,FR,46.7515,6.83912
1533,Ménières,FR,46.7866,6.88692
1535,Combremont-le-Grand,VD,46.7663,6.82333
1536,Combremont-le-Petit,VD,46.7474,6.80455
1537,Champtauroz,VD,46.7603,6.78717
1538,Treytorrens (Payerne),VD,46.7761,6.8033
1542,Rueyres-les-Prés,FR,46.8584,6.91181
1543,Grandcour,VD,46.8737,6.9333
1544,Gletterens,FR,46.9126,6.92493
1545,Chevroux,VD,46.9033,6.90003
1551,Vers-chez-Perrin,VD,46.7993,6.94875
1552,Trey,VD,46.7762,6.92409
1553,Châtonnaye,FR,46.7545,6.93908
1555,Villarzel,VD,46.7451,6.90999
1562,Corcelles-près-Payerne,VD,46.8438,6.96694
1563,Dompierre FR,FR,46.8577,6.99151
1564,Domdidier,FR,46.8635,7.01538
1567,Delley,FR,46.9145,6.97258
1568,Portalban,FR,46.9275,6.94009
1583,Villarepos,FR,46.8836,7.08087
1584,Villars-le-Grand,VD,46.9067,6.99949
1586,Vallamand,VD,46.9318,7.04346
1588,Cudrefin,VD,46.961,7.01359
1589,Chabrey,VD,46.9434,6.96561
1611,Le Crêt-près-Semsales,FR,46.6083,6.9199
1612,Ecoteaux,VD,46.5507,6.85869
1613,Maracon,VD,46.5598,6.87987
1614,Granges (Veveyse),FR,46.5245,6.82732
1615,Bossonnens,FR,46.53,6.84931
1616,Attalens,FR,46.509,6.85498
1619,Les Paccots,FR,46.5086,6.9672
1627,Vaulruz,FR,46.6197,6.98577
1628,Vuadens,FR,46.6119,7.0063
1631,Bulle centre de traitement,FR,46.6186,7.05738
1632,Riaz,FR,46.6441,7.04412
1634,La Roche FR,FR,46.6938,7.15468
1635,La Tour-de-Trême,FR,46.6023,7.05147
1636,Broc,FR,46.6015,7.11947
1637,Charmey (Gruyère),FR,46.5912,7.1892
1638,Morlon,FR,46.626,7.09257
1642,Sorens,FR,46.6726,7.04461
1643,Gumefens,FR,46.6791,7.0731
1644,Avry-devant-Pont,FR,46.6878,7.08439
1645,Le Bry,FR,46.7,7.08341
1646,Echarlens,FR,46.6482,7.08465
1647,Corbières,FR,46.6581,7.11799
1648,Hauteville,FR,46.6719,7.12662
1649,Pont-la-Ville,FR,46.7039,7.1126
1651,Villarvolard,FR,46.6448,7.11891
1654,Cerniat FR,FR,46.6548,7.18401
1657,Abländschen,BE,46.5675,7.27773
1661,Le Pâquier-Montbarry,FR,46.5907,7.05011
1665,Estavannens,FR,46.5671,7.11568
1667,Enney,FR,46.5633,7.0709
1676,Chavannes-les-Forts,FR,46.6478,6.89564
1677,Prez-vers-Siviriez,FR,46.6365,6.87534
1678,Siviriez,FR,46.6608,6.87629
1679,Villaraboud,FR,46.6613,6.91366
1684,Mézières FR,FR,46.6803,6.92804
1685,Villariaz,FR,46.6645,6.94511
1689,Le Châtelard-près-Romont,FR,46.6768,6.99578
1691,Villarimboud,FR,46.7422,6.96695
1692,Massonnens,FR,46.6979,6.97702
1696,Vuisternens-en-Ogoz,FR,46.7055,7.05694
1702,Fribourg,FR,46.8042,7.15974
1704,Fribourg,FR,46.8042,7.15974
1707,Fribourg,FR,46.8042,7.15974
1708,Fribourg,FR,46.8037,7.15368
1709,Fribourg Beaumont,FR,46.8042,7.15974
1712,Tafers,FR,46.8139,7.22552
1713,St. Antoni,FR,46.8205,7.26806
1714,Heitenried,FR,46.8292,7.30097
1715,Alterswil FR,FR,46.7905,7.27495
1717,St. Ursen,FR,46.7896,7.22055
1718,Rechthalten,FR,46.7666,7.24906
1722,Bourguillon,FR,46.7998,7.17548
1728,Rossens FR,FR,46.7243,7.10087
1730,Ecuvillens,FR,46.7568,7.07934
1731,Ependes FR,FR,46.7584,7.14971
1732,Arconciel,FR,46.7525,7.12214
1733,Treyvaux,FR,46.7255,7.14474
1734,Tentlingen,FR,46.7689,7.20093
1735,Giffers,FR,46.7562,7.22566
1736,St. Silvester,FR,46.7394,7.22167
1737,Plasselb,FR,46.6992,7.2323
1738,Sangernboden,BE,46.7014,7.37099
1740,Neyruz FR,FR,46.7693,7.06579
1741,Cottens FR,FR,46.7545,7.03711
1742,Autigny,FR,46.7406,7.02917
1744,Chénens,FR,46.7445,6.9975
1746,Prez-vers-Noréaz,FR,46.787,7.01367
1747,Corserey,FR,46.7732,6.98995
1748,Torny-le-Grand,FR,46.7689,6.96866
1749,Middes,FR,46.7754,6.94941
1753,Matran,FR,46.7882,7.09251
1757,Noréaz,FR,46.8032,7.03737
1763,Granges-Paccot,FR,46.825,7.14925
1776,Montagny-la-Ville,FR,46.822,6.9998
1785,Cressier FR,FR,46.8993,7.13881
1786,Sugiez,FR,46.9707,7.11393
1788,Praz (Vully),FR,46.9531,7.1015
1789,Lugnorre,FR,46.9599,7.07419
1791,Courtaman,FR,46.8724,7.13249
1793,Jeuss,FR,46.9137,7.17528
1794,Salvenach,FR,46.9154,7.15318
1795,Courlevon,FR,46.8923,7.11137
1796,Courgevaux,FR,46.9058,7.10565
1797,Münchenwiler,BE,46.9124,7.12637
1801,Le Mont-Pèlerin,VD,46.4933,6.82476
1802,Corseaux,VD,46.454,6.81415
1803,Chardonne,VD,46.4792,6.82014
1804,Corsier-sur-Vevey,VD,46.4772,6.85037
1807,Blonay,VD,46.4792,6.92308
1808,Les Monts-de-Corsier,VD,46.5026,6.87819
1809,Fenil-sur-Corsier,VD,46.4864,6.86804
1811,Vevey Services spéciaux,VD,46.4589,6.84716
1815,Clarens,VD,46.4328,6.88334
1817,Brent,VD,46.4558,6.90442
1818,Montreux La Redoute,VD,46.4317,6.91051
1822,Chernex,VD,46.4438,6.91784
1823,Glion,VD,46.4373,6.93714
1824,Caux,VD,46.445,6.96768
1833,Les Avants,VD,46.4644,6.95397
1845,Noville,VD,46.3952,6.88388
1846,Chessel,VD,46.3534,6.8976
1847,Rennaz,VD,46.377,6.91928
1852,Roche VD,VD,46.361,6.92608
1853,Yvorne,VD,46.3402,6.9483
1856,Corbeyrier,VD,46.3749,6.98644
1864,Vers-l'Eglise,VD,46.3602,7.11871
1866,La Forclaz VD,VD,46.3437,7.08075
1868,Collombey,VS,46.2706,6.93778
1869,Massongex,VS,46.239,6.98519
1872,Troistorrents,VS,46.2301,6.90962
1874,Champéry,VS,46.16,6.84681
1875,Morgins,VS,46.237,6.86388
1885,Chesières,VD,46.3059,7.04252
1891,Vérossaz,VS,46.2041,6.96995
1893,Muraz (Collombey),VS,46.2835,6.90276
1895,Vionnaz,VS,46.3076,6.89581
1898,St-Gingolph,VS,46.3834,6.81723
1899,Torgon,VS,46.3098,6.85748
1902,Evionnaz,VS,46.1496,6.94921
1903,Collonges,VS,46.1816,7.05683
1904,Vernayaz,VS,46.1391,7.03362
1906,Charrat,VS,46.1226,7.13764
1907,Saxon,VS,46.1375,7.18531
1908,Riddes,VS,46.17,7.221
1918,La Tzoumaz,VS,46.1314,7.24708
1919,Martigny Groupe Mutuel,VS,46.1014,7.07291
1927,Chemin,VS,46.0904,7.09193
1928,Ravoire,VS,46.1006,7.04257
1929,Trient,VS,46.032,6.99993
1936,Verbier,VS,46.1022,7.23019
1937,Orsières,VS,46.0264,7.12453
1938,Champex-Lac,VS,46.0394,7.10352
1942,Levron,VS,46.1054,7.16451
1943,Praz-de-Fort,VS,45.9878,7.09439
1944,La Fouly VS,VS,45.9288,7.09215
1946,Bourg-St-Pierre,VS,45.9208,7.2137
1957,Ardon,VS,46.2312,7.23886
1961,Vernamiège,VS,46.2117,7.4367
1962,Pont-de-la-Morge (Sion),VS,46.233,7.3173
1963,Vétroz,VS,46.2271,7.27131
1967,Bramois,VS,46.2353,7.40509
1968,Mase,VS,46.1967,7.46166
1972,Anzère,VS,46.3425,7.41013
1973,Nax,VS,46.2081,7.47926
1974,Arbaz,VS,46.3019,7.37424
1975,St-Séverin,VS,46.2405,7.30488
1977,Icogne,VS,46.3426,7.45687
1978,Lens,VS,46.2819,7.4499
1981,Vex,VS,46.2092,7.40086
1982,Euseigne,VS,46.1533,7.43199
1986,Arolla,VS,46.0131,7.4873
1994,Aproz (Nendaz),VS,46.2065,7.31134
2003,Neuchâtel 3,NE,46.9882,6.89378
2004,Neuchâtel Ecluse,NE,46.9882,6.89378
2006,Neuchâtel Vauseyon,NE,46.9882,6.89378
2007,Neuchâtel 7,NE,46.9884,6.89415
2009,Neuchâtel La Coudre,NE,46.9884,6.89415
2010,Neuchâtel OFS,NE,46.9886,6.89722
2012,Auvernier,NE,46.9715,6.89356
2014,Bôle,NE,46.9702,6.83804
2015,Areuse,NE,46.9476,6.89061
2016,Cortaillod,NE,46.9342,6.86258
2017,Boudry,NE,46.9546,6.81398
2022,Bevaix,NE,46.9241,6.82039
2023,Gorgier,NE,46.9251,6.76325
2024,St-Aubin-Sauges,NE,46.8913,6.77479
2025,Chez-le-Bart,NE,46.8979,6.81003
2028,Vaumarcus,NE,46.8716,6.77296
2034,Peseux,NE,46.9969,6.89028
2036,Cormondrèche,NE,46.9818,6.86736
2042,Valangin,NE,47.0151,6.90038
2043,Boudevilliers,NE,47.0302,6.88459
2046,Fontaines NE,NE,47.0441,6.90268
2053,Cernier,NE,47.0601,6.90484
2056,Dombresson,NE,47.0713,6.95781
2057,Villiers,NE,47.0821,6.98537
2058,Le Pâquier NE,NE,47.1071,6.98302
2065,Savagnier,NE,47.0522,6.95769
2067,Chaumont,NE,47.042,6.96471
2068,Hauterive NE,NE,47.0117,6.97663
2072,St-Blaise,NE,47.0364,6.99776
2073,Enges,NE,47.0735,7.01439
2087,Cornaux NE,NE,47.0361,7.02129
2088,Cressier NE,NE,47.0504,7.03757
2103,Noiraigue,NE,46.9502,6.72568
2105,Travers,NE,46.9484,6.67652
2108,Couvet,NE,46.9203,6.65555
2112,Môtiers NE,NE,46.9058,6.61841
2113,Boveresse,NE,46.9183,6.60007
2114,Fleurier,NE,46.8962,6.59008
2115,Buttes,NE,46.8806,6.54422
2116,Mont-de-Buttes,NE,46.8896,6.5215
2117,La Côte-aux-Fées,NE,46.8647,6.48594
2123,St-Sulpice NE,NE,46.9087,6.55934
2124,Les Sagnettes,NE,46.9394,6.59964
2126,Les Verrières,NE,46.9157,6.47559
2127,Les Bayards,NE,46.9272,6.5415
2206,Les Geneveys-sur-Coffrane,NE,47.0197,6.83451
2207,Coffrane,NE,47.0101,6.86724
2208,Les Hauts-Geneveys,NE,47.0431,6.85542
2302,La Chaux-de-Fonds,NE,47.1102,6.83338
2303,La Chaux-de-Fonds,NE,47.1102,6.83338
2304,La Chaux-de-Fonds,NE,47.1102,6.83338
2314,La Sagne NE,NE,47.044,6.80614
2318,Brot-Plamboz,NE,46.9843,6.74922
2322,Le Crêt-du-Locle,NE,47.0818,6.78261
2336,Les Bois,JU,47.181,6.8992
2350,Saignelégier,JU,47.2472,7.0208
2353,Les Pommerats,JU,47.2814,6.99168
2354,Goumois,JU,47.2688,6.96022
2405,La Chaux-du-Milieu,NE,47.007,6.6989
2414,Le Cerneux-Péquignot,NE,47.018,6.67013
2416,Les Brenets,NE,47.0756,6.72409
2510,Biel/Bienne Dist Ba,BE,47.1438,7.24868
2512,Tüscherz-Alfermée,BE,47.1231,7.19734
2513,Twann,BE,47.1066,7.16462
2514,Ligerz,BE,47.0918,7.13973
2515,Prêles,BE,47.0975,7.11917
2516,Lamboing,BE,47.1269,7.15838
2517,Diesse,BE,47.1215,7.11894
2518,Nods,BE,47.1222,7.07554
2523,Lignières,NE,47.0911,7.05022
2525,Le Landeron,NE,47.0617,7.06599
2532,Magglingen/Macolin,BE,47.1434,7.21234
2533,Evilard,BE,47.1523,7.23682
2535,Frinvillier,BE,47.1709,7.25533
2536,Plagne,BE,47.1918,7.28575
2537,Vauffelin,BE,47.1854,7.2989
2538,Romont BE,BE,47.1945,7.33276
2542,Pieterlen,BE,47.1752,7.32897
2544,Bettlach,SO,47.2099,7.41985
2545,Selzach,SO,47.2188,7.44902
2552,Orpund,BE,47.143,7.30407
2553,Safnern,BE,47.1536,7.3229
2554,Meinisberg,BE,47.1628,7.35364
2555,Brügg BE,BE,47.1293,7.27897
2557,Studen BE,BE,47.1139,7.30382
2558,Aegerten,BE,47.1185,7.28604
2562,Port,BE,47.1148,7.25999
2563,Ipsach,BE,47.1162,7.23228
2564,Bellmund,BE,47.1037,7.2445
2565,Jens,BE,47.0994,7.27005
2576,Lüscherz,BE,47.0455,7.1624
2603,Péry,BE,47.2011,7.27031
2604,La Heutte,BE,47.1901,7.21867
2605,Sonceboz-Sombeval,BE,47.1897,7.18155
2606,Corgémont,BE,47.1941,7.14221
2607,Cortébert,BE,47.1907,7.10801
2612,Cormoret,BE,47.1697,7.04889
2613,Villeret,BE,47.1505,7.0318
2712,Le Fuet,BE,47.2498,7.17604
2713,Bellelay,BE,47.2654,7.16461
2716,Sornetan,BE,47.2741,7.2188
2722,Les Reussilles,BE,47.2285,7.07229
2723,Mont-Tramelan,BE,47.2082,7.06566
2733,Pontenet,BE,47.2512,7.25514
2736,Sorvilier,BE,47.2328,7.30855
2738,Court,BE,47.2415,7.36378
2742,Perrefitte,BE,47.2781,7.32098
2743,Eschert,BE,47.2668,7.4085
2744,Belprahon,BE,47.2919,7.40508
2745,Grandval,BE,47.285,7.42896
2746,Crémines,BE,47.2865,7.45241
2762,Roches BE,BE,47.3051,7.38477
2803,Bourrignon,JU,47.3946,7.25671
2805,Soyhières,JU,47.3969,7.38312
2806,Mettembert,JU,47.3948,7.32757
2812,Movelier,JU,47.4104,7.32931
2813,Ederswiler,JU,47.4275,7.32768
2814,Roggenburg,BL,47.4291,7.35763
2822,Courroux,JU,47.3685,7.37977
2823,Courcelon,JU,47.3688,7.40799
2824,Vicques,JU,47.353,7.42774
2825,Courchapoix,JU,47.3504,7.45299
2826,Corban,JU,47.3546,7.47519
2828,Montsevelier,JU,47.3616,7.51287
2829,Vermes,JU,47.3206,7.48582
2832,Rebeuvelier,JU,47.3223,7.41983
2842,Rossemaison,JU,47.3454,7.34517
2843,Châtillon JU,JU,47.3234,7.34579
2852,Courtételle,JU,47.3323,7.31879
2853,Courfaivre,JU,47.3312,7.28099
2854,Bassecourt,JU,47.3374,7.24253
2855,Glovelier,JU,47.3283,7.18536
2856,Boécourt,JU,47.3561,7.2172
2863,Undervelier,JU,47.3045,7.22005
2864,Soulce,JU,47.3016,7.28811
2873,Saulcy,JU,47.3045,7.16156
2883,Montmelon,JU,47.3609,7.18236
2884,Montenol,JU,47.3531,7.1458
2885,Epauvillers,JU,47.338,7.11854
2886,Epiquerez,JU,47.3281,7.0766
2887,Soubey,JU,47.3115,7.04143
2888,Seleute,JU,47.3694,7.11262
2889,Ocourt,JU,47.3563,7.07125
2902,Fontenais,JU,47.4014,7.08017
2903,Villars-sur-Fontenais,JU,47.3826,7.07639
2904,Bressaucourt,JU,47.3856,7.03994
2905,Courtedoux,JU,47.4143,7.02889
2906,Chevenez,JU,47.3927,6.994
2907,Rocourt,JU,47.3879,6.96106
2908,Grandfontaine,JU,47.3933,6.93444
2914,Damvant,JU,47.3695,6.8965
2915,Bure,JU,47.4398,6.9979
2916,Fahy,JU,47.4211,6.95813
2922,Courchavon,JU,47.4396,7.04722
2923,Courtemaîche,JU,47.4592,7.04779
2924,Montignez,JU,47.4849,7.05957
2925,Buix,JU,47.4768,7.02705
2926,Boncourt,JU,47.4894,7.00847
2932,Coeuve,JU,47.4537,7.09623
2935,Beurnevésin,JU,47.4938,7.13373
2942,Alle,JU,47.4298,7.12713
2943,Vendlincourt,JU,47.4533,7.14938
2944,Bonfol,JU,47.4772,7.15768
2946,Miécourt,JU,47.4325,7.17223
2947,Charmoille,JU,47.4288,7.21465
2952,Cornol,JU,47.4054,7.16323
2954,Asuel,JU,47.3994,7.20729
3002,Bern PostFinance,BE,46.948,7.44821
3004,Bern,BE,46.9766,7.45098
3005,Bern,BE,46.9411,7.45113
3006,Bern,BE,46.947,7.4716
3007,Bern,BE,46.9398,7.43483
3008,Bern,BE,46.9453,7.41651
3010,Bern,BE,46.9483,7.42467
3012,Bern,BE,46.9622,7.42718
3013,Bern,BE,46.956,7.45155
3014,Bern,BE,46.9649,7.46041
3015,Bern,BE,46.941,7.4851
3019,Bern,BE,46.9333,7.34891
3020,Bern,BE,46.9382,7.32522
3024,Bern,BE,46.948,7.44821
3032,Hinterkappelen,BE,46.9686,7.38206
3033,Wohlen b. Bern,BE,46.9754,7.35206
3034,Murzelen,BE,46.9778,7.31132
3035,Frieswil,BE,46.9936,7.29451
3036,Detligen,BE,46.9953,7.26895
3037,Herrenschwanden,BE,46.9774,7.41887
3038,Kirchlindach,BE,47.0029,7.41649
3040,Bern Verarbeitungszentrum,BE,46.948,7.44821
3041,Bern UBS,BE,46.9919,7.39928
3042,Ortschwaben,BE,46.9936,7.40018
3043,Uettligen,BE,46.9878,7.38181
3044,Innerberg,BE,46.9972,7.31312
3045,Meikirch,BE,47.0106,7.37324
3046,Wahlendorf,BE,47.0094,7.33512
3047,Bremgarten b. Bern,BE,46.9794,7.43642
3048,Worblaufen,BE,46.9809,7.46528
3049,Säriswil,BE,46.9948,7.33723
3054,Schüpfen,BE,47.0371,7.37423
3066,Stettlen,BE,46.9647,7.52948
3068,Utzigen,BE,46.968,7.58316
3074,Muri b. Bern,BE,46.9293,7.48942
3077,Enggistein,BE,46.9309,7.60134
3078,Richigen,BE,46.9184,7.58598
3082,Schlosswil,BE,46.9127,7.61213
3083,Trimstein,BE,46.9042,7.57786
3085,Wabern 2 x Weihnachten,BE,46.9289,7.45139
3087,Niedermuhlern,BE,46.86,7.45883
3089,Hinterfultigen,BE,46.8403,7.40634
3096,Oberbalm,BE,46.8668,7.41021
3099,Rüti b. Riggisberg,BE,46.7649,7.45774
3111,Tägertschi,BE,46.8739,7.58791
3112,Allmendingen b. Bern,BE,46.918,7.52207
3113,Rubigen,BE,46.9011,7.54593
3114,Wichtrach,BE,46.8465,7.57986
3115,Gerzensee,BE,46.8476,7.54288
3122,Kehrsatz,BE,46.9131,7.47267
3124,Belpberg,BE,46.8682,7.52212
3125,Toffen,BE,46.8606,7.49435
3132,Riggisberg,BE,46.8114,7.46881
3144,Gasel,BE,46.8984,7.41089
3145,Niederscherli,BE,46.887,7.39492
3147,Mittelhäusern,BE,46.8737,7.3708
3148,Lanzenhäusern,BE,46.8479,7.36384
3152,Mamishaus,BE,46.8165,7.38105
3153,Rüschegg Gambach,BE,46.7739,7.37833
3154,Rüschegg Heubach,BE,46.7695,7.41833
3155,Helgisried-Rohrbach,BE,46.8122,7.41939
3156,Riffenmatt,BE,46.7529,7.36108
3157,Milken,BE,46.7953,7.36269
3158,Guggisberg,BE,46.7604,7.31914
3159,Riedstätt,BE,46.7854,7.32275
3172,Niederwangen b. Bern,BE,46.9226,7.37957
3173,Oberwangen b. Bern,BE,46.9149,7.3577
3174,Thörishaus,BE,46.8981,7.3509
3176,Neuenegg,BE,46.9078,7.30065
3177,Laupen BE,BE,46.9118,7.24419
3178,Bösingen,FR,46.8866,7.23493
3179,Kriechenwil,BE,46.9125,7.21681
3182,Ueberstorf,FR,46.8707,7.3271
3183,Albligen,BE,46.8499,7.32381
3184,Wünnewil,FR,46.877,7.28
3185,Schmitten FR,FR,46.8517,7.24793
3202,Frauenkappelen,BE,46.957,7.33307
3203,Mühleberg,BE,46.9631,7.27267
3204,Rosshäusern,BE,46.933,7.2769
3205,Gümmenen,BE,46.944,7.2523
3208,Gurbrü,BE,46.9667,7.21541
3214,Ulmiz,FR,46.9312,7.19955
3225,Müntschemier,BE,46.9963,7.14733
3226,Treiten,BE,47.0075,7.16653
3232,Ins,BE,47.0038,7.11018
3233,Tschugg,BE,47.0252,7.07879
3234,Vinelz,BE,47.034,7.11969
3235,Erlach,BE,47.0481,7.10485
3236,Gampelen,BE,46.9977,7.06014
3237,Brüttelen,BE,47.0254,7.15212
3238,Gals,BE,47.0352,7.05718
3252,Worben,BE,47.1004,7.29778
3253,Schnottwil,SO,47.1101,7.39218
3255,Rapperswil BE,BE,47.0675,7.41198
3262,Suberg,BE,47.0574,7.33983
3263,Büetigen,BE,47.1073,7.33892
3264,Diessbach b. Büren,BE,47.1057,7.36486
3266,Wiler b. Seedorf,BE,47.0507,7.32188
3267,Seedorf BE,BE,47.0279,7.32407
3268,Lobsigen,BE,47.0199,7.30063
3271,Radelfingen b. Aarberg,BE,47.02,7.27387
3273,Kappelen,BE,47.0726,7.27533
3282,Bargen BE,BE,47.0375,7.24586
3284,Fräschels,FR,46.9992,7.20909
3285,Galmiz,FR,46.9612,7.14752
3286,Muntelier,FR,46.9437,7.1289
3292,Busswil BE,BE,47.1008,7.32201
3293,Dotzigen,BE,47.1243,7.34869
3295,Rüti b. Büren,BE,47.1527,7.41224
3296,Arch,BE,47.1669,7.43512
3297,Leuzigen,BE,47.1723,7.46757
3298,Oberwil b. Büren,BE,47.1321,7.41239
3302,Moosseedorf,BE,47.0115,7.48548
3306,Etzelkofen,BE,47.0848,7.4816
3307,Brunnenthal,SO,47.0866,7.46731
3308,Grafenried,BE,47.0798,7.50646
3312,Fraubrunnen,BE,47.0893,7.53954
3313,Büren zum Hof,BE,47.0985,7.51259
3314,Schalunen,BE,47.1115,7.52668
3321,Schönbühl Einkaufszentrum,BE,47.0165,7.49068
3323,Bäriswil BE,BE,47.0182,7.53292
3325,Hettiswil b. Hindelbank,BE,47.028,7.55791
3326,Krauchthal,BE,47.0055,7.56512
3362,Niederönz,BE,47.1874,7.68494
3363,Oberönz,BE,47.1753,7.68971
3368,Bleienbach,BE,47.1835,7.75786
3372,Wanzwil,BE,47.2003,7.6926
3374,Wangenried,BE,47.2191,7.66002
3375,Inkwil,BE,47.2048,7.66748
3377,Walliswil b. Wangen,BE,47.2284,7.68448
3401,Burgdorf,BE,47.0548,7.62452
3402,Burgdorf,BE,47.0537,7.6191
3412,Heimiswil,BE,47.0529,7.66215
3413,Kaltacker,BE,47.0765,7.67543
3416,Affoltern im Emmental,BE,47.0704,7.72647
3417,Rüegsau,BE,47.0288,7.67814
3418,Rüegsbach,BE,47.0482,7.70004
3419,Biembach im Emmental,BE,46.9951,7.61704
3423,Ersigen,BE,47.0989,7.6052
3426,Aefligen,BE,47.098,7.55042
3427,Utzenstorf,BE,47.1253,7.56448
3428,Wiler b. Utzenstorf,BE,47.1543,7.55919
3432,Lützelflüh-Goldbach,BE,47.0024,7.6831
3433,Schwanden im Emmental,BE,46.9793,7.69596
3435,Ramsei,BE,47.0007,7.71308
3437,Rüderswil,BE,46.984,7.71766
3438,Lauperswil,BE,46.9616,7.72777
3439,Ranflüh,BE,46.9915,7.74837
3452,Grünenmatt,BE,47.0162,7.7257
3453,Heimisbach,BE,47.0104,7.78476
3455,Grünen,BE,47.0235,7.74006
3456,Trachselwald,BE,47.0167,7.74578
3457,Wasen im Emmental,BE,47.0304,7.83954
3462,Weier im Emmental,BE,47.0615,7.76256
3463,Häusernmoos im Emmental,BE,47.0818,7.75369
3464,Schmidigen-Mühleweg,BE,47.0952,7.73866
3465,Dürrenroth,BE,47.0809,7.78773
3473,Alchenstorf,BE,47.1258,7.64465
3474,Rüedisbach,BE,47.1197,7.70376
3476,Oschwand,BE,47.1421,7.72497
3503,Gysenstein,BE,46.8948,7.59646
3506,Grosshöchstetten,BE,46.9081,7.63639
3507,Biglen,BE,46.9299,7.6298
3508,Arni BE,BE,46.9363,7.66107
3512,Walkringen,BE,46.9504,7.62083
3513,Bigenthal,BE,46.9734,7.6352
3531,Oberthal,BE,46.9202,7.6843
3533,Bowil,BE,46.8901,7.70183
3534,Signau,BE,46.9103,7.73507
3535,Schüpbach,BE,46.9305,7.74933
3536,Aeschau,BE,46.9054,7.78634
3538,Röthenbach im Emmental,BE,46.8587,7.74234
3543,Emmenmatt,BE,46.9457,7.72788
3551,Oberfrittenbach,BE,46.9757,7.79686
3552,Bärau,BE,46.9413,7.82746
3553,Gohl,BE,46.9775,7.82696
3555,Trubschachen,BE,46.9113,7.85342
3556,Trub,BE,46.9661,7.8779
3557,Fankhaus (Trub),BE,46.9837,7.92545
3601,Thun,BE,46.7466,7.62217
3602,Thun,BE,46.757,7.63019
3603,Thun,BE,46.7637,7.60025
3604,Thun,BE,46.7417,7.62095
3605,Thun,BE,46.757,7.63019
3607,Thun,BE,46.7466,7.62217
3608,Thun,BE,46.74,7.59834
3609,Thun,BE,46.757,7.63019
3614,Unterlangenegg,BE,46.8002,7.69457
3617,Fahrni b. Thun,BE,46.7991,7.65592
3622,Homberg b. Thun,BE,46.7777,7.68424
3625,Heiligenschwendi,BE,46.7533,7.68321
3626,Hünibach,BE,46.749,7.64972
3631,Höfen b. Thun,BE,46.7238,7.56761
3633,Amsoldingen,BE,46.727,7.5866
3634,Thierachern,BE,46.7529,7.57296
3635,Uebeschi,BE,46.7408,7.54824
3646,Einigen,BE,46.7084,7.64625
3647,Reutigen,BE,46.694,7.60645
3652,Hilterfingen,BE,46.7421,7.66379
3653,Oberhofen am Thunersee,BE,46.7341,7.67837
3654,Gunten,BE,46.7157,7.70402
3655,Sigriswil,BE,46.7206,7.73544
3657,Schwanden (Sigriswil),BE,46.7456,7.75824
3658,Merligen,BE,46.7052,7.75397
3662,Seftigen,BE,46.7917,7.54013
3663,Gurzelen,BE,46.7767,7.53684
3664,Burgistein,BE,46.7933,7.50419
3665,Wattenwil,BE,46.7607,7.49382
3673,Linden,BE,46.8506,7.68752
3674,Bleiken b. Oberdiessbach,BE,46.818,7.64072
3702,Hondrich,BE,46.673,7.68271
3704,Krattigen,BE,46.6521,7.74031
3705,Faulensee,BE,46.6733,7.70846
3706,Leissigen,BE,46.6441,7.77992
3707,Därligen,BE,46.6552,7.8138
3713,Reichenbach im Kandertal,BE,46.6193,7.69275
3716,Kandergrund,BE,46.5527,7.66866
3717,Blausee-Mitholz,BE,46.5263,7.68465
3718,Kandersteg,BE,46.4705,7.70933
3722,Scharnachtal,BE,46.6161,7.71688
3723,Kiental,BE,46.5574,7.76181
3724,Ried (Frutigen),BE,46.5616,7.59518
3725,Achseten,BE,46.5304,7.60564
3752,Wimmis,BE,46.6628,7.6426
3753,Oey,BE,46.649,7.59807
3754,Diemtigen,BE,46.6479,7.55888
3755,Horboden,BE,46.6051,7.57303
3756,Zwischenflüh,BE,46.6041,7.5039
3757,Schwenden im Diemtigtal,BE,46.5585,7.50042
3758,Latterbach,BE,46.6737,7.5903
3762,Erlenbach im Simmental,BE,46.6597,7.53108
3763,Därstetten,BE,46.6816,7.50601
3764,Weissenburg,BE,46.6675,7.47797
3765,Oberwil im Simmental,BE,46.6572,7.43228
3766,Boltigen,BE,46.6065,7.35917
3771,Blankenburg,BE,46.5393,7.41543
3772,St. Stephan,BE,46.4969,7.39159
3773,Matten (St. Stephan),BE,46.5121,7.46204
3776,Oeschseite,BE,46.5325,7.32524
3777,Saanenmöser,BE,46.517,7.30594
3778,Schönried,BE,46.5213,7.27238
3781,Turbach,BE,46.4641,7.35179
3782,Lauenen b. Gstaad,BE,46.3993,7.33957
3783,Grund b. Gstaad,BE,46.4388,7.2533
3784,Feutersoey,BE,46.4057,7.24548
3785,Gsteig b. Gstaad,BE,46.3703,7.25997
3792,Saanen,BE,46.4788,7.25046
3801,Jungfraujoch,VS,46.5486,7.9842
3803,Beatenberg,BE,46.7182,7.80719
3804,Habkern,BE,46.7563,7.89085
3805,Goldswil b. Interlaken,BE,46.7018,7.87547
3806,Bönigen b. Interlaken,BE,46.6816,7.92489
3807,Iseltwald,BE,46.7019,7.99153
3812,Wilderswil,BE,46.65,7.87017
3813,Saxeten,BE,46.6264,7.82846
3814,Gsteigwiler,BE,46.6535,7.88998
3824,Stechelberg,BE,46.5163,7.89897
3825,Mürren,BE,46.5697,7.87197
3826,Gimmelwald,BE,46.5338,7.8539
3852,Ringgenberg BE,BE,46.7123,7.89754
3853,Niederried b. Interlaken,BE,46.7262,7.92684
3854,Oberried am Brienzersee,BE,46.7576,7.95815
3856,Brienzwiler,BE,46.7599,8.10709
3857,Unterbach BE,BE,46.7391,8.12002
3858,Hofstetten b. Brienz,BE,46.7682,8.08093
3862,Innertkirchen,BE,46.673,8.2382
3863,Gadmen,BE,46.7125,8.3768
3864,Guttannen,BE,46.5978,8.25887
3902,Glis,VS,46.3099,7.98026
3904,Naters,VS,46.3375,7.98579
3905,Saas-Almagell,VS,46.0552,7.96793
3906,Saas-Fee,VS,46.0904,7.90046
3908,Saas-Balen,VS,46.1536,7.93633
3910,Saas-Grund,VS,46.1363,7.97352
3911,Ried-Brig,VS,46.3092,8.03107
3912,Termen,VS,46.3309,8.04448
3913,Rosswald,VS,46.3133,8.07775
3916,Ferden,VS,46.3894,7.73514
3918,Wiler (Lötschen),VS,46.4087,7.78802
3919,Blatten (Lötschen),VS,46.4459,7.86561
3923,Törbel,VS,46.2432,7.83705
3925,Grächen,VS,46.1979,7.8499
3926,Embd,VS,46.218,7.79679
3927,Herbriggen,VS,46.1384,7.78457
3928,Randa,VS,46.0983,7.78026
3929,Täsch,VS,46.0553,7.81215
3931,Lalden,VS,46.3016,7.89897
3932,Visperterminen,VS,46.2443,7.94121
3933,Staldenried,VS,46.2188,7.91116
3934,Zeneggen,VS,46.275,7.86203
3935,Bürchen,VS,46.271,7.8191
3938,Ausserberg,VS,46.3283,7.85469
3939,Eggerberg,VS,46.3171,7.88979
3943,Eischoll,VS,46.2833,7.76327
3944,Unterbäch VS,VS,46.255,7.77852
3947,Ergisch,VS,46.2524,7.72936
3949,Hohtenn,VS,46.3326,7.76832
3951,Agarn,VS,46.2723,7.66428
3952,Susten,VS,46.2881,7.62794
3954,Leukerbad,VS,46.4034,7.62865
3955,Albinen,VS,46.3552,7.64567
3965,Chippis,VS,46.2783,7.54035
3967,Vercorin,VS,46.2444,7.53678
3968,Veyras,VS,46.3049,7.54343
3970,Salgesch,VS,46.3146,7.57574
3972,Miège,VS,46.335,7.55601
3973,Venthône,VS,46.3071,7.52732
3974,Mollens VS,VS,46.3231,7.52949
3975,Randogne,VS,46.3109,7.5033
3978,Flanthey,VS,46.2714,7.45291
3979,Grône,VS,46.2347,7.48745
3982,Bitsch,VS,46.3413,8.01389
3986,Ried-Mörel,VS,46.3551,8.02867
3987,Riederalp,VS,46.3804,8.028
3991,Betten,VS,46.3779,8.06695
3992,Bettmeralp,VS,46.4315,8.05756
3993,Grengiols,VS,46.3415,8.13803
3996,Binn,VS,46.3695,8.23665
3997,Bellwald,VS,46.4459,8.15799
3999,Oberwald,VS,46.5589,8.39464
4003,Basel,BS,47.5577,7.59366
4004,Basel,BS,47.5577,7.59366
4005,Basel,BS,47.5577,7.59366
4007,Basel,BS,47.5577,7.59366
4009,Basel,BS,47.5577,7.59366
4010,Basel,BS,47.5577,7.59366
4011,Basel,BS,47.5577,7.59366
4012,Basel,BS,47.5577,7.59366
4013,Basel,BS,47.5577,7.59366
4015,Basel,BS,47.5577,7.59366
4016,Basel,BS,47.5577,7.59366
4017,Basel,BS,47.5597,7.58053
4018,Basel,BS,47.5577,7.59366
4019,Basel,BS,47.5577,7.59366
4020,Basel,BS,47.5577,7.59366
4024,Basel,BS,47.5597,7.58053
4025,Basel,BS,47.5577,7.59366
4030,Basel,BS,47.5597,7.58053
4031,Basel,BS,47.562,7.5833
4032,Basel,BS,47.5577,7.59366
4033,Basel 33 Novartis,BS,47.5596,7.58061
4039,Basel,BS,47.5597,7.58053
4040,Basel,BL,47.4153,8.34667
4041,Basel UBS,BS,47.5597,7.58053
4042,Basel PF Operations Center,BL,47.5487,7.58769
4051,Basel,BS,47.5555,7.58743
4053,Basel,BS,47.542,7.59738
4054,Basel,BS,47.5511,7.57057
4055,Basel,BS,47.564,7.56769
4056,Basel,BS,47.5708,7.57616
4057,Basel,BS,47.5781,7.59565
4058,Basel,BS,47.5674,7.61214
4059,Basel,BS,47.5323,7.59488
4070,Basel,BS,47.5597,7.58053
4091,Basel,BS,47.5597,7.58053
4101,Bruderholz,BL,47.5294,7.58213
4103,Bottmingen,BL,47.5233,7.57744
4105,Biel-Benken BL,BL,47.5091,7.52182
4107,Ettingen,BL,47.4758,7.5469
4108,Witterswil,SO,47.4887,7.52711
4114,Hofstetten SO,SO,47.4716,7.51098
4115,Mariastein,SO,47.4773,7.48535
4116,Metzerlen,SO,47.4651,7.46912
4117,Burg im Leimental,BL,47.4537,7.43776
4118,Rodersdorf,SO,47.486,7.44728
4124,Schönenbuch,BL,47.5365,7.50706
4126,Bettingen,BS,47.5718,7.67319
4145,Gempen,SO,47.4798,7.66004
4146,Hochwald,SO,47.4558,7.64059
4148,Pfeffingen,BL,47.4583,7.58182
4202,Duggingen,BL,47.4526,7.61054
4203,Grellingen,BL,47.4403,7.58762
4204,Himmelried,SO,47.4244,7.59491
4206,Seewen SO,SO,47.4277,7.6485
4207,Bretzwil,BL,47.3974,7.6511
4208,Nunningen,SO,47.3991,7.61761
4222,Zwingen,BL,47.4373,7.52885
4223,Blauen,BL,47.4541,7.5243
4224,Nenzlingen,BL,47.4507,7.56191
4225,Brislach,BL,47.4266,7.5506
4226,Breitenbach,SO,47.4074,7.55217
4227,Büsserach,SO,47.3911,7.54565
4228,Erschwil,SO,47.373,7.54546
4229,Beinwil SO,SO,47.3599,7.59652
4232,Fehren,SO,47.404,7.57956
4233,Meltingen,SO,47.3828,7.58543
4234,Zullwil,SO,47.3894,7.60458
4243,Dittingen,BL,47.4428,7.49372
4244,Röschenz,BL,47.4342,7.46589
4245,Kleinlützel,SO,47.428,7.41879
4246,Wahlen b. Laufen,BL,47.3994,7.51243
4247,Grindel,SO,47.3811,7.50827
4253,Liesberg,BL,47.3966,7.43086
4254,Liesberg Dorf,BL,47.4088,7.41645
4302,Augst BL,BL,47.5335,7.71861
4304,Giebenach,BL,47.5248,7.73967
4305,Olsberg,AG,47.5274,7.77873
4312,Magden,AG,47.521,7.81057
4314,Zeiningen,AG,47.5446,7.87726
4315,Zuzgen,AG,47.5257,7.90095
4316,Hellikon,AG,47.5103,7.91777
4317,Wegenstetten,AG,47.4953,7.93226
4322,Mumpf,AG,47.5465,7.9145
4323,Wallbach,AG,47.5694,7.89893
4324,Obermumpf,AG,47.5312,7.93803
4325,Schupfart,AG,47.5148,7.96353
4332,Stein AG,AG,47.5466,7.9538
4333,Münchwilen AG,AG,47.5388,7.96523
4334,Sisseln AG,AG,47.5535,7.98636
4402,Frenkendorf,BL,47.5023,7.69811
4411,Seltisberg,BL,47.4634,7.71668
4412,Nuglar,SO,47.4735,7.68967
4413,Büren SO,SO,47.4492,7.67424
4417,Ziefen,BL,47.4304,7.70368
4418,Reigoldswil,BL,47.3962,7.69142
4419,Lupsingen,BL,47.4477,7.6971
4421,St. Pantaleon,SO,47.4604,7.68996
4422,Arisdorf,BL,47.5107,7.76755
4423,Hersberg,BL,47.4935,7.78429
4424,Arboldswil,BL,47.4161,7.71954
4425,Titterten,BL,47.4034,7.71581
4426,Lauwil,BL,47.3816,7.66888
4431,Bennwil,BL,47.3976,7.78312
4432,Lampenberg,BL,47.4281,7.75488
4433,Ramlinsburg,BL,47.4515,7.76922
4434,Hölstein,BL,47.4272,7.77595
4435,Niederdorf,BL,47.4119,7.74853
4437,Waldenburg,BL,47.3785,7.74117
4438,Langenbruck,BL,47.359,7.77209
4441,Thürnen,BL,47.4545,7.82995
4442,Diepflingen,BL,47.4463,7.84142
4443,Wittinsburg,BL,47.4311,7.83965
4444,Rümlingen,BL,47.4293,7.85701
4445,Häfelfingen,BL,47.415,7.87131
4446,Buckten,BL,47.413,7.84774
4447,Känerkinden,BL,47.413,7.83339
4448,Läufelfingen,BL,47.3953,7.85678
4451,Wintersingen,BL,47.4975,7.82814
4452,Itingen,BL,47.466,7.78569
4453,Nusshof,BL,47.4928,7.79948
4455,Zunzgen,BL,47.4465,7.79957
4456,Tenniken,BL,47.4339,7.81565
4457,Diegten,BL,47.4106,7.81071
4458,Eptingen,BL,47.3811,7.81833
4461,Böckten,BL,47.4686,7.83543
4462,Rickenbach BL,BL,47.4861,7.85023
4463,Buus,BL,47.5061,7.86709
4464,Maisprach,BL,47.5237,7.84677
4465,Hemmiken,BL,47.4916,7.89276
4466,Ormalingen,BL,47.4744,7.87939
4467,Rothenfluh,BL,47.4717,7.91875
4468,Kienberg,SO,47.4417,7.96824
4469,Anwil,BL,47.4543,7.943
4492,Tecknau,BL,47.4468,7.89075
4493,Wenslingen,BL,47.4446,7.91109
4494,Oltingen,BL,47.4315,7.93835
4495,Zeglingen,BL,47.4135,7.91336
4496,Kilchberg BL,BL,47.4271,7.8979
4497,Rünenberg,BL,47.4334,7.88144
4503,Solothurn,SO,47.2084,7.53011
4509,Solothurn,SO,47.2105,7.53693
4513,Langendorf,SO,47.223,7.51631
4514,Lommiswil,SO,47.2298,7.46882
4522,Rüttenen,SO,47.2421,7.5327
4523,Niederwil SO,SO,47.2484,7.56996
4525,Balm b. Günsberg,SO,47.2597,7.54394
4528,Zuchwil,SO,47.206,7.56436
4532,Feldbrunnen,SO,47.2263,7.5531
4533,Riedholz,SO,47.2333,7.57106
4534,Flumenthal,SO,47.2364,7.60169
4536,Attiswil,BE,47.2541,7.61201
4537,Wiedlisbach,BE,47.2473,7.6526
4538,Oberbipp,BE,47.2554,7.67855
4542,Luterbach,SO,47.2188,7.58909
4543,Deitingen,SO,47.219,7.6233
4553,Subingen,SO,47.2014,7.62471
4557,Horriwil,SO,47.1817,7.62658
4562,Biberist,SO,47.184,7.55075
4565,Recherswil,SO,47.1612,7.60252
4573,Lohn-Ammannsegg,SO,47.1738,7.52872
4576,Tscheppach,SO,47.1497,7.48277
4577,Hessigkofen,SO,47.1403,7.46065
4578,Bibern SO,SO,47.1492,7.45492
4579,Gossliwil,SO,47.138,7.43541
4581,Küttigkofen,SO,47.1529,7.51396
4582,Brügglen,SO,47.1452,7.49644
4585,Biezwil,SO,47.1131,7.42008
4586,Kyburg-Buchegg,SO,47.1436,7.51471
4587,Aetingen,SO,47.1308,7.50182
4601,Olten 1 Fächer,SO,47.3521,7.90403
4609,Olten Sonderdienste,SO,47.3521,7.90403
4611,Härkingen Scanning-Center,SO,47.309,7.817
4613,Rickenbach SO,SO,47.3439,7.85623
4615,Allerheiligenberg,SO,47.3537,7.81586
4616,Kappel SO,SO,47.3223,7.85835
4617,Gunzgen,SO,47.3134,7.83654
4618,Boningen,SO,47.3049,7.85534
4622,Egerkingen,SO,47.3272,7.79742
4623,Neuendorf,SO,47.2985,7.80181
4624,Härkingen,SO,47.3059,7.82245
4625,Oberbuchsiten,SO,47.3136,7.76084
4626,Niederbuchsiten,SO,47.29,7.77917
4628,Wolfwil,SO,47.2715,7.79922
4629,Fulenbach,SO,47.2821,7.83372
4630,Härkingen CALL,SO,47.312,7.81396
4633,Hauenstein,SO,47.3726,7.85686
4634,Wisen SO,SO,47.3951,7.89462
4640,Härkingen ST PP 1,SO,47.312,7.81396
4652,Winznau,SO,47.3696,7.92985
4653,Obergösgen,SO,47.3656,7.95513
4654,Lostorf,SO,47.3886,7.93597
4656,Starrkirch-Wil,SO,47.3448,7.92863
4657,Dulliken,SO,47.3487,7.94638
4658,Däniken SO,SO,47.3502,7.97876
4703,Kestenholz,SO,47.2777,7.7543
4712,Laupersdorf,SO,47.3141,7.65785
4713,Matzendorf,SO,47.3034,7.62914
4714,Aedermannsdorf,SO,47.3073,7.60101
4715,Herbetswil,SO,47.2926,7.57597
4717,Mümliswil,SO,47.3469,7.68537
4718,Holderbank SO,SO,47.3341,7.75231
4719,Ramiswil,SO,47.3477,7.63463
4801,Zofingen Ringier AG,AG,47.2886,7.94631
4802,Strengelbach,AG,47.2846,7.92354
4803,Vordemwald,AG,47.2707,7.89363
4805,Brittnau,AG,47.2559,7.92969
4807,Zofingen PostFinance,AG,47.2886,7.94631
4808,Zofingen PostFinance,AG,47.2886,7.94631
4810,Zofingen PF,AG,47.2886,7.94631
4812,Mühlethal,AG,47.3006,7.97979
4814,Bottenwil,AG,47.2861,8.00311
4856,Glashütten,AG,47.2506,7.85556
4901,Langenthal,BE,47.2121,7.79
4911,Schwarzhäusern,BE,47.2571,7.76788
4912,Aarwangen,BE,47.2371,7.76528
4913,Bannwil,BE,47.2399,7.73133
4914,Roggwil BE,BE,47.238,7.81955
4915,St. Urban,LU,47.2249,7.85729
4916,Untersteckholz,BE,47.2083,7.84503
4919,Reisiswil,BE,47.1626,7.84346
4923,Wynau,BE,47.2574,7.80576
4924,Obersteckholz,BE,47.2032,7.82643
4933,Rütschelen,BE,47.1725,7.77194
4934,Madiswil,BE,47.1632,7.8121
4935,Leimiswil,BE,47.1503,7.76697
4936,Kleindietwil,BE,47.1433,7.79232
4937,Ursenbach,BE,47.1313,7.76541
4942,Walterswil BE,BE,47.1077,7.7757
4943,Oeschenbach,BE,47.1118,7.74726
4944,Auswil,BE,47.1371,7.8393
4952,Eriswil,BE,47.0719,7.85961
4953,Schwarzenbach (Huttwil),BE,47.1037,7.82696
4954,Wyssachen,BE,47.0746,7.82267
4955,Gondiswil,BE,47.1448,7.86934
5013,Niedergösgen,SO,47.375,7.98502
5017,Barmelweid,AG,47.4233,7.97325
5018,Erlinsbach,AG,47.4157,8.00874
5022,Rombach,AG,47.4067,8.04685
5023,Biberstein,AG,47.4202,8.08408
5024,Küttigen,AG,47.4235,8.04488
5025,Asp,AG,47.4435,8.0516
5026,Densbüren,AG,47.458,8.06069
5027,Herznach,AG,47.4736,8.04777
5028,Ueken,AG,47.4867,8.04447
5032,Aarau Rohr,AG,47.4069,8.08468
5035,Unterentfelden,AG,47.3697,8.04375
5037,Muhen,AG,47.3343,8.06375
5040,Schöftland,AG,47.3067,8.05636
5042,Hirschthal,AG,47.3189,8.06818
5043,Holziken,AG,47.3209,8.03535
5044,Schlossrued,AG,47.2915,8.08947
5056,Attelwil,AG,47.2648,8.04077
5057,Reitnau,AG,47.2529,8.03649
5058,Wiliberg,AG,47.2683,8.01763
5062,Oberhof,AG,47.4431,8.00799
5063,Wölflinswil,AG,47.4642,8.00128
5064,Wittnau,AG,47.4785,7.96712
5072,Oeschgen,AG,47.5262,8.01812
5073,Gipf-Oberfrick,AG,47.4945,7.9972
5074,Eiken,AG,47.5384,7.99025
5075,Hornussen,AG,47.503,8.06357
5076,Bözen,AG,47.4977,8.08698
5077,Elfingen,AG,47.5114,8.10324
5078,Effingen,AG,47.4942,8.11359
5079,Zeihen,AG,47.4719,8.09413
5080,Laufenburg,AG,47.5575,8.06212
5082,Kaisten,AG,47.5401,8.04596
5083,Ittenthal,AG,47.5204,8.06325
5084,Rheinsulz,AG,47.5542,8.08772
5085,Sulz AG,AG,47.5357,8.09904
5102,Rupperswil,AG,47.4052,8.13213
5105,Auenstein,AG,47.4199,8.12723
5106,Veltheim AG,AG,47.4333,8.14967
5107,Schinznach Dorf,AG,47.4558,8.13983
5108,Oberflachs,AG,47.4393,8.12394
5112,Thalheim AG,AG,47.4406,8.09443
5113,Holderbank AG,AG,47.4323,8.17172
5116,Schinznach Bad,AG,47.4552,8.16977
5210,Windisch,AG,47.4772,8.22322
5212,Hausen AG,AG,47.4627,8.20844
5213,Villnachern,AG,47.4739,8.16358
5222,Umiken,AG,47.4826,8.18774
5223,Riniken,AG,47.4953,8.1878
5225,Bözberg,AG,47.4904,8.14605
5232,Villigen PSI,AG,47.5376,8.2252
5233,Stilli,AG,47.5179,8.23256
5234,Villigen,AG,47.5315,8.20734
5235,Rüfenach AG,AG,47.5063,8.21377
5236,Remigen,AG,47.5188,8.177
5237,Mönthal,AG,47.5179,8.1387
5243,Mülligen,AG,47.4538,8.23952
5244,Birrhard,AG,47.4375,8.24341
5245,Habsburg,AG,47.4628,8.18705
5246,Scherz,AG,47.4483,8.18526
5272,Gansingen,AG,47.5386,8.13273
5273,Oberhofen AG,AG,47.5576,8.12628
5274,Mettau,AG,47.5704,8.13116
5275,Etzgen,AG,47.5756,8.11472
5276,Wil AG,AG,47.5676,8.15857
5277,Hottwil,AG,47.5437,8.16488
5300,Turgi,AG,47.4914,8.25718
5301,Siggenthal Station,AG,47.5166,8.23903
5304,Endingen,AG,47.5321,8.29115
5305,Unterendingen,AG,47.5475,8.2901
5306,Tegerfelden,AG,47.5633,8.28593
5314,Kleindöttingen,AG,47.5706,8.23903
5315,Böttstein,AG,47.5543,8.21917
5317,Hettenschwil,AG,47.5753,8.19494
5318,Mandach,AG,47.5529,8.18876
5322,Koblenz,AG,47.6054,8.24502
5323,Rietheim,AG,47.6043,8.27498
5324,Full-Reuenthal,AG,47.6101,8.20389
5325,Leibstadt,AG,47.5911,8.17947
5326,Schwaderloch,AG,47.5872,8.1467
5332,Rekingen AG,AG,47.5684,8.32286
5333,Baldingen,AG,47.5561,8.31469
5334,Böbikon,AG,47.5518,8.33902
5401,Baden,AG,47.4743,8.30645
5402,Baden,AG,47.4651,8.28966
5404,Baden,AG,47.4559,8.27936
5408,Ennetbaden,AG,47.4818,8.32461
5413,Birmenstorf AG,AG,47.4572,8.25732
5416,Kirchdorf AG,AG,47.5004,8.28121
5417,Untersiggenthal,AG,47.5081,8.25948
5423,Freienwil,AG,47.5028,8.32012
5425,Schneisingen,AG,47.5263,8.36279
5426,Lengnau AG,AG,47.5265,8.32521
5436,Würenlos,AG,47.4487,8.36482
5442,Fislisbach,AG,47.4388,8.29179
5443,Niederrohrdorf,AG,47.4215,8.30241
5444,Künten,AG,47.3873,8.32648
5445,Eggenwil,AG,47.373,8.3396
5452,Oberrohrdorf,AG,47.4265,8.32161
5453,Remetschwil,AG,47.4096,8.3329
5454,Bellikon,AG,47.393,8.35044
5462,Siglistorf,AG,47.54,8.38813
5464,Rümikon AG,AG,47.5657,8.38167
5465,Mellikon,AG,47.5647,8.34827
5466,Kaiserstuhl AG,AG,47.5691,8.42012
5467,Fisibach,AG,47.5597,8.40583
5502,Hunzenschwil,AG,47.3856,8.12372
5503,Schafisheim,AG,47.375,8.14018
5504,Othmarsingen,AG,47.403,8.21567
5505,Brunegg,AG,47.422,8.22101
5507,Mellingen,AG,47.4225,8.27524
5512,Wohlenschwil,AG,47.418,8.25537
5522,Tägerig,AG,47.4006,8.27993
5525,Fischbach-Göslikon,AG,47.3705,8.31218
5603,Staufen,AG,47.3801,8.16103
5604,Hendschiken,AG,47.386,8.21701
5607,Hägglingen,AG,47.3914,8.25872
5608,Stetten AG,AG,47.4026,8.30604
5611,Anglikon,AG,47.3678,8.26421
5613,Hilfikon,AG,47.3321,8.24632
5614,Sarmenstorf,AG,47.313,8.25347
5615,Fahrwangen,AG,47.2876,8.24022
5616,Meisterschwanden,AG,47.2915,8.22684
5617,Tennwil,AG,47.3075,8.22014
5618,Bettwil,AG,47.2916,8.27279
5621,Zufikon,AG,47.346,8.35932
5622,Waltenschwil,AG,47.3355,8.3
5623,Boswil,AG,47.3011,8.31027
5625,Kallern,AG,47.3109,8.29122
5626,Hermetschwil-Staffeln,AG,47.3317,8.34262
5627,Besenbüren,AG,47.3142,8.34596
5628,Aristau,AG,47.2925,8.36576
5632,Buttwil,AG,47.2701,8.30742
5634,Merenschwand,AG,47.2641,8.38502
5636,Benzenschwil,AG,47.2478,8.36482
5642,Mühlau,AG,47.2355,8.39013
5644,Auw,AG,47.216,8.36359
5646,Abtwil AG,AG,47.1753,8.35484
5647,Oberrüti,AG,47.1683,8.39969
5702,Niederlenz,AG,47.4047,8.17151
5704,Egliswil,AG,47.3531,8.19136
5705,Hallwil,AG,47.3281,8.1787
5706,Boniswil,AG,47.3134,8.19299
5707,Seengen,AG,47.3297,8.20974
5708,Birrwil,AG,47.2933,8.19915
5712,Beinwil am See,AG,47.2678,8.20966
5723,Teufenthal AG,AG,47.3295,8.12691
5724,Dürrenäsch,AG,47.3199,8.15549
5725,Leutwil,AG,47.3069,8.17487
5727,Oberkulm,AG,47.2998,8.12698
5728,Gontenschwil,AG,47.269,8.14252
5732,Zetzwil,AG,47.2896,8.16302
5733,Leimbach AG,AG,47.2762,8.17112
5735,Pfeffikon LU,LU,47.2472,8.16604
5736,Burg AG,AG,47.2352,8.17904
5737,Menziken,AG,47.2373,8.18757
5742,Kölliken,AG,47.3361,8.02207
5745,Safenwil,AG,47.321,7.98796
5746,Walterswil SO,SO,47.3318,7.96423
6003,Luzern,LU,47.0504,8.29702
6004,Luzern,LU,47.0608,8.30181
6006,Luzern,LU,47.0552,8.33547
6007,Luzern,LU,47.0495,8.30437
6009,Luzern,LU,47.0495,8.30437
6011,Kriens,LU,47.0338,8.27921
6012,Obernau,LU,47.0282,8.23764
6013,Eigenthal,LU,46.9939,8.21643
6016,Hellbühl,LU,47.0705,8.19968
6018,Buttisholz,LU,47.1155,8.09334
6019,Sigigen,LU,47.0606,8.14008
6021,Emmenbrücke 1,LU,47.0834,8.27422
6022,Grosswangen,LU,47.1348,8.05599
6024,Hildisrieden,LU,47.1489,8.23263
6025,Neudorf,LU,47.1772,8.21134
6026,Rain,LU,47.1332,8.26466
6027,Römerswil LU,LU,47.1711,8.24998
6028,Herlisberg,LU,47.1993,8.23141
6031,Ebikon,LU,47.0817,8.34099
6034,Inwil,LU,47.13,8.36299
6035,Perlen,LU,47.1128,8.3662
6036,Dierikon,LU,47.0955,8.37373
6042,Dietwil,AG,47.1496,8.39737
6044,Udligenswil,LU,47.0941,8.40084
6047,Kastanienbaum,LU,47.0087,8.34129
6053,Alpnachstad,OW,46.9623,8.29206
6056,Kägiswil,OW,46.9183,8.25634
6061,Sarnen 1,OW,46.8958,8.24559
6062,Wilen (Sarnen),OW,46.8718,8.20808
6063,Stalden (Sarnen),OW,46.8957,8.14993
6064,Kerns,OW,46.9084,8.30388
6066,St. Niklausen OW,OW,46.8745,8.30368
6067,Melchtal,OW,46.8248,8.30225
6068,Melchsee-Frutt,OW,46.7834,8.2999
6072,Sachseln,OW,46.8332,8.24349
6073,Flüeli-Ranft,OW,46.8753,8.26062
6074,Giswil,OW,46.8388,8.123
6083,Hasliberg Hohfluh,BE,46.7556,8.17426
6084,Hasliberg Wasserwendi,BE,46.7559,8.20959
6085,Hasliberg Goldern,BE,46.7397,8.19733
6086,Hasliberg Reuti,BE,46.7436,8.2536
6103,Schwarzenberg LU,LU,46.9996,8.17482
6105,Schachen LU,LU,47.0305,8.12997
6106,Werthenstein,LU,47.0485,8.10548
6112,Doppleschwand,LU,47.0132,8.05184
6113,Romoos,LU,47.0087,8.00648
6114,Steinhuserberg,LU,47.0471,8.04536
6122,Menznau,LU,47.0787,8.0384
6123,Geiss,LU,47.0925,8.063
6125,Menzberg,LU,47.0416,7.99264
6126,Daiwil,LU,47.0861,8.01394
6132,Rohrmatt,LU,47.0838,7.98768
6133,Hergiswil b. Willisau,LU,47.0672,7.95382
6142,Gettnau,LU,47.1399,7.96766
6143,Ohmstal,LU,47.1605,7.95539
6144,Zell LU,LU,47.1406,7.93269
6145,Fischbach LU,LU,47.1541,7.90795
6146,Grossdietwil,LU,47.1686,7.89496
6147,Altbüron,LU,47.1925,7.89107
6152,Hüswil,LU,47.1275,7.90765
6153,Ufhusen,LU,47.109,7.89429
6154,Hofstatt,LU,47.0783,7.89826
6160,Entlebuch Businesszentrum,LU,46.9921,8.06498
6161,Entlebuch Versandzentrum,LU,46.9928,8.065
6163,Ebnet,LU,47.0224,8.0841
6166,Hasle LU,LU,46.9604,8.0681
6167,Bramboden,LU,46.9865,7.97352
6173,Flühli LU,LU,46.8839,8.02595
6174,Sörenberg,LU,46.8172,8.0095
6192,Wiggen,LU,46.8792,7.94506
6196,Marbach LU,LU,46.857,7.91009
6197,Schangnau,BE,46.812,7.88693
6205,Eich,LU,47.158,8.16649
6206,Neuenkirch,LU,47.0982,8.20194
6208,Oberkirch LU,LU,47.1554,8.10885
6211,Buchs LU,LU,47.2031,8.03969
6213,Knutwil,LU,47.2024,8.07133
6214,Schenkon,LU,47.1807,8.13431
6216,Mauensee,LU,47.1699,8.07332
6217,Kottwil,LU,47.1646,8.04248
6218,Ettiswil,LU,47.1501,8.01938
6221,Rickenbach LU,LU,47.221,8.15001
6222,Gunzwil,LU,47.1931,8.17263
6231,Schlierbach,LU,47.2288,8.12012
6232,Geuensee,LU,47.2032,8.11753
6235,Winikon,LU,47.2349,8.04294
6236,Wilihof,LU,47.222,8.06385
6243,Egolzwil,LU,47.1854,8.00462
6244,Nebikon,LU,47.1923,7.98021
6245,Ebersecken,LU,47.1826,7.93866
6246,Altishofen,LU,47.2036,7.96093
6247,Schötz,LU,47.1695,7.98807
6248,Alberswil,LU,47.1486,7.99627
6252,Dagmersellen,LU,47.2173,7.99609
6253,Uffikon,LU,47.217,8.02557
6262,Langnau b. Reiden,LU,47.2312,7.94997
6263,Richenthal,LU,47.2118,7.93307
6264,Pfaffnau,LU,47.2311,7.9019
6265,Roggliswil,LU,47.2127,7.88687
6274,Eschenbach LU,LU,47.1294,8.31348
6275,Ballwil,LU,47.1556,8.33625
6276,Hohenrain,LU,47.1797,8.32134
6281,Hochdorf,LU,47.167,8.28932
6283,Baldegg,LU,47.1861,8.27242
6286,Altwis,LU,47.2419,8.25324
6287,Aesch LU,LU,47.2596,8.23958
6288,Schongau,LU,47.2684,8.27242
6294,Ermensee,LU,47.2268,8.2355
6295,Mosen,LU,47.2432,8.22809
6302,Zug,ZG,47.15,8.5233
6303,Zug,ZG,47.15,8.5233
6317,Oberwil b. Zug,ZG,47.1369,8.50131
6318,Walchwil,ZG,47.1078,8.53142
6319,Allenwinden,ZG,47.1661,8.55089
6332,Hagendorn,ZG,47.212,8.43073
6333,Hünenberg See,ZG,47.1722,8.44791
6344,Meierskappel,LU,47.1165,8.4538
6345,Neuheim,ZG,47.2009,8.5849
6353,Weggis,LU,47.0326,8.42525
6354,Vitznau,LU,47.0175,8.48694
6356,Rigi Kaltbad,LU,47.0387,8.48488
6362,Stansstad,NW,46.9753,8.33244
6365,Kehrsiten,NW,47.006,8.38383
6371,Stans,NW,46.9572,8.3659
6372,Ennetmoos,NW,46.9461,8.32358
6373,Ennetbürgen,NW,46.9958,8.43056
6375,Beckenried,NW,46.9516,8.47271
6376,Emmetten,NW,46.9473,8.52144
6377,Seelisberg,UR,46.9647,8.57588
6382,Büren NW,NW,46.9421,8.40908
6386,Wolfenschiessen,NW,46.8995,8.38238
6387,Oberrickenbach,NW,46.88,8.44116
6388,Grafenort,OW,46.8617,8.36971
6391,Engelberg,OW,46.821,8.40439
6402,Merlischachen,SZ,47.0717,8.40759
6404,Greppen,LU,47.0577,8.4324
6405,Immensee,SZ,47.0953,8.47592
6414,Oberarth,SZ,47.0557,8.53607
6415,Arth,SZ,47.0763,8.52563
6416,Steinerberg,SZ,47.0687,8.58195
6417,Sattel,SZ,47.0819,8.633
6418,Rothenthurm,SZ,47.1033,8.68188
6423,Seewen SZ,SZ,47.0339,8.62919
6431,Schwyz,SZ,47.0217,8.65243
6432,Rickenbach b. Schwyz,SZ,47.0121,8.69407
6433,Stoos SZ,SZ,46.973,8.66673
6434,Illgau,SZ,46.9978,8.74108
6438,Ibach,SZ,47.0046,8.64718
6441,Rütli,UR,46.9709,8.59942
6442,Gersau,SZ,46.9983,8.52085
6443,Morschach,SZ,46.9761,8.62227
6454,Flüelen,UR,46.9156,8.64027
6461,Isenthal,UR,46.8879,8.52645
6462,Seedorf UR,UR,46.8838,8.58927
6463,Bürglen UR,UR,46.8867,8.69086
6464,Spiringen,UR,46.8773,8.73632
6465,Unterschächen,UR,46.8489,8.7879
6466,Bauen,UR,46.9313,8.58299
6467,Schattdorf,UR,46.8578,8.65321
6468,Attinghausen,UR,46.8548,8.59966
6469,Haldi b. Schattdorf,UR,46.8464,8.68736
6472,Erstfeld,UR,46.8136,8.60051
6473,Silenen,UR,46.8065,8.69137
6474,Amsteg,UR,46.7788,8.65643
6475,Bristen,UR,46.7737,8.76442
6476,Intschi,UR,46.7729,8.6316
6482,Gurtnellen,UR,46.7365,8.6217
6484,Wassen UR,UR,46.6986,8.5981
6485,Meien,UR,46.7351,8.51304
6487,Göschenen,UR,46.6652,8.49989
6490,Andermatt,UR,46.6218,8.63253
6491,Realp,UR,46.5816,8.47123
6493,Hospental,UR,46.6079,8.56282
6503,Bellinzona,TI,46.2122,9.00287
6513,Monte Carasso,TI,46.206,8.97557
6514,Sementina,TI,46.1913,8.97142
6515,Gudo,TI,46.1831,8.94639
6516,Cugnasco,TI,46.1967,8.91469
6517,Arbedo,TI,46.2,9.08722
6518,Gorduno,TI,46.2265,8.99649
6523,Preonzo,TI,46.2502,8.96782
6524,Moleno,TI,46.2675,8.96961
6525,Gnosca,TI,46.2394,9.00498
6526,Prosito,TI,46.2822,8.94226
6527,Lodrino,TI,46.3062,8.96972
6528,Camorino,TI,46.1589,9.01308
6532,Castione,TI,46.2313,9.04446
6533,Lumino,TI,46.2397,9.06931
6535,Roveredo GR,GR,46.2092,9.15372
6537,Grono,GR,46.234,9.18232
6540,Castaneda,GR,46.2623,9.13098
6541,Sta. Maria in Calanca,GR,46.2848,9.14917
6542,Buseno,GR,46.2772,9.10462
6543,Arvigo,GR,46.3119,9.09495
6544,Braggio,GR,46.3033,9.13447
6545,Selma,GR,46.321,9.13125
6546,Cauco,GR,46.3419,9.12072
6549,Laura,GR,46.212,9.10586
6556,Leggia,GR,46.2514,9.1884
6557,Cama,GR,46.262,9.20756
6562,Soazza,GR,46.3527,9.22707
6563,Mesocco,GR,46.4039,9.2273
6565,S. Bernardino,GR,46.4726,9.18988
6571,Indemini,TI,46.0966,8.84327
6572,Quartino,TI,46.1533,8.89829
6573,Magadino,TI,46.1452,8.87245
6574,Vira (Gambarogno),TI,46.1319,8.85745
6576,Gerra (Gambarogno),TI,46.1232,8.79001
6578,Caviano,TI,46.1074,8.77143
6579,Piazzogna,TI,46.1315,8.83218
6582,Pianezzo,TI,46.1623,9.04991
6583,S. Antonio (Val Morobbia),TI,46.1695,9.0711
6584,Carena,TI,46.1568,9.1089
6592,S. Antonino,TI,46.1558,8.97726
6594,Contone,TI,46.1534,8.92433
6596,Gordola,TI,46.1762,8.86607
6597,Agarone,TI,46.1812,8.90914
6598,Tenero,TI,46.1725,8.84721
6599,Robasacco,TI,46.1396,8.95088
6602,Muralto,TI,46.1728,8.80095
6604,Locarno,TI,46.17,8.77772
6612,Ascona,TI,46.149,8.7731
6613,Porto Ronco,TI,46.1365,8.73713
6618,Arcegno,TI,46.1618,8.74147
6622,Ronco sopra Ascona,TI,46.149,8.72076
6631,Corippo,TI,46.2369,8.82502
6632,Vogorno,TI,46.2259,8.88568
6633,Lavertezzo,TI,46.2765,8.86434
6634,Brione (Verzasca),TI,46.303,8.75887
6635,Gerra (Verzasca),TI,46.3187,8.8076
6636,Frasco,TI,46.3554,8.81991
6637,Sonogno,TI,46.366,8.75849
6644,Orselina,TI,46.1842,8.79644
6645,Brione sopra Minusio,TI,46.1956,8.8119
6646,Contra,TI,46.1934,8.83971
6647,Mergoscia,TI,46.2155,8.82765
6648,Minusio,TI,46.1745,8.82557
6652,Tegna,TI,46.1918,8.74687
6653,Verscio,TI,46.1945,8.72913
6654,Cavigliano,TI,46.1915,8.71015
6656,Golino,TI,46.1795,8.7137
6657,Palagnedra,TI,46.1434,8.64738
6658,Borgnone,TI,46.1694,8.60442
6664,Vergeletto,TI,46.2423,8.54366
6670,Avegno,TI,46.205,8.76567
6672,Gordevio,TI,46.2337,8.76762
6673,Maggia,TI,46.2674,8.73418
6675,Cevio,TI,46.3055,8.59659
6676,Bignasco,TI,46.3434,8.5951
6682,Linescio,TI,46.3134,8.57793
6685,Bosco/Gurin,TI,46.3215,8.48506
6693,Broglio,TI,46.3728,8.67583
6694,Prato-Sornico,TI,46.3989,8.69536
6696,Fusio,TI,46.4589,8.64294
6702,Claro,TI,46.2671,9.03834
6703,Osogna,TI,46.3274,9.02233
6705,Cresciano,TI,46.3039,9.03354
6707,Iragna,TI,46.326,8.94066
6713,Malvaglia,TI,46.4361,9.03976
6714,Semione,TI,46.4032,8.95515
6715,Dongio,TI,46.4537,8.97289
6722,Corzoneso,TI,46.4377,8.92678
6742,Pollegio,TI,46.3722,8.94687
6743,Bodio TI,TI,46.3872,8.92167
6744,Personico,TI,46.3476,8.89517
6745,Giornico,TI,46.3905,8.8635
6747,Chironico,TI,46.4245,8.79435
6748,Anzonico,TI,46.4425,8.86905
6772,Rodi-Fiesso,TI,46.4823,8.72327
6773,Prato (Leventina),TI,46.4726,8.74697
6774,Dalpe,TI,46.4585,8.76319
6775,Ambrì,TI,46.4968,8.69628
6776,Piotta,TI,46.5387,8.71246
6803,Camignolo,TI,46.1062,8.95175
6804,Bironico,TI,46.1271,8.93434
6806,Sigirino,TI,46.0865,8.90113
6808,Torricella,TI,46.0713,8.9076
6815,Melide,TI,45.9576,8.95001
6816,Bissone,TI,45.9522,8.9667
6817,Maroggia,TI,45.9377,8.9723
6818,Melano,TI,45.9221,8.99227
6821,Rovio,TI,45.9368,9.00147
6822,Arogno,TI,45.9583,8.99411
6823,Pugerna,TI,45.9914,8.99992
6826,Riva San Vitale,TI,45.9141,8.9657
6827,Brusino Arsizio,TI,45.9266,8.93875
6833,Vacallo,TI,45.8482,9.03758
6834,Morbio Inferiore,TI,45.8509,9.02262
6835,Morbio Superiore,TI,45.8681,9.04082
6836,Serfontana,TI,45.8445,9.017
6839,Sagno,TI,45.8624,9.046
6852,Genestrerio,TI,45.8513,8.95847
6853,Ligornetto,TI,45.8643,8.95572
6854,S. Pietro,TI,45.8591,8.9366
6855,Stabio,TI,45.8467,8.9336
6862,Rancate,TI,45.8767,8.97162
6863,Besazio,TI,45.8726,8.95504
6864,Arzo,TI,45.8812,8.94105
6865,Tremona,TI,45.882,8.96013
6866,Meride,TI,45.9004,8.94403
6867,Serpiano,TI,45.9175,8.94308
6873,Corteglia,TI,45.8633,8.99457
6874,Castel San Pietro,TI,45.8666,9.00968
6877,Coldrerio,TI,45.8552,8.98712
6902,Lugano 2 Paradiso Caselle,TI,46.0036,8.9534
6903,Lugano,TI,45.9768,8.94614
6904,Lugano 4 Molino Nuovo Casel,TI,46.0033,8.95136
6905,Lugano 5 Serv Autopostali,TI,46.0033,8.95136
6906,Lugano 6 Cassarate Caselle,TI,46.0033,8.95136
6907,Lugano 7 Loreto Caselle,TI,45.9987,8.94809
6908,Massagno Caselle,TI,46.0119,8.94698
6911,Campione d'Italia,IT,45.9693,8.97406
6912,Pazzallo,TI,45.9822,8.9485
6913,Carabbia,TI,45.9716,8.93553
6914,Carona,TI,45.9579,8.9334
6915,Pambio-Noranco,TI,45.9867,8.93183
6916,Grancia,TI,45.9696,8.92871
6917,Barbengo,TI,45.9616,8.91722
6918,Figino,TI,45.9569,8.90885
6919,Carabietta,TI,45.9699,8.90074
6921,Vico Morcote,TI,45.9359,8.92633
6922,Morcote,TI,45.9336,8.90934
6924,Sorengo,TI,46.001,8.93667
6925,Gentilino,TI,45.9929,8.92734
6927,Agra,TI,45.9694,8.91276
6929,Gravesano,TI,46.0433,8.91987
6930,Bedano,TI,46.0543,8.91926
6932,Breganzona,TI,46.0102,8.92859
6933,Muzzano,TI,45.9985,8.91763
6934,Bioggio,TI,46.0163,8.91389
6935,Bosco Luganese,TI,46.0313,8.90663
6936,Cademario,TI,46.0238,8.89291
6937,Breno,TI,46.0448,8.85981
6942,Savosa,TI,46.0205,8.94587
6943,Vezia,TI,46.0261,8.93618
6944,Cureglia,TI,46.0388,8.94525
6945,Origlio,TI,46.0526,8.94595
6947,Vaglio,TI,46.0569,8.96113
6948,Porza,TI,46.0282,8.95436
6949,Comano,TI,46.0413,8.95784
6952,Canobbio,TI,46.0377,8.96881
6953,Lugaggia,TI,46.0574,8.97182
6956,Lopagno,TI,46.0711,8.97916
6957,Roveredo TI,TI,46.0758,8.98382
6964,Davesco-Soragno,TI,46.0338,8.98739
6965,Cadro,TI,46.0435,8.99569
6966,Villa Luganese,TI,46.0533,9.0065
6967,Dino,TI,46.0553,8.98138
6968,Sonvico,TI,46.0664,9.01558
6974,Aldesago,TI,46.0106,8.98094
6976,Castagnola,TI,46.0003,8.9826
6977,Ruvigliana,TI,46.0065,8.98157
6978,Gandria,TI,46.0105,9.01115
6979,Brè sopra Lugano,TI,46.0186,9.00003
6980,Castelrotto,TI,45.9948,8.83759
6982,Agno,TI,46.0018,8.90384
6983,Magliaso,TI,45.9832,8.8926
6984,Pura,TI,45.9843,8.86672
6988,Ponte Tresa,TI,45.9719,8.86044
6989,Purasca,TI,45.9826,8.85044
6990,Cassina d'Agno,TI,45.9926,8.89447
6991,Neggio,TI,45.9907,8.87902
6993,Iseo,TI,46.0065,8.87949
6994,Aranno,TI,46.0197,8.87512
6997,Sessa,TI,46.0046,8.81356
6999,Astano,TI,46.0165,8.81749
7001,Chur,GR,46.8502,9.53117
7003,Chur Postauto GR Reg. Chur,GR,46.8496,9.53225
7004,Chur,GR,46.8521,9.53014
7006,Chur,GR,46.8521,9.53014
7007,Chur,GR,46.8521,9.53014
7012,Felsberg,GR,46.8577,9.46373
7014,Trin,GR,46.8699,9.33029
7015,Tamins,GR,46.8455,9.40976
7016,Trin Mulin,GR,46.8237,9.33395
7018,Flims Waldhaus,GR,46.8261,9.2883
7019,Fidaz,GR,46.8467,9.32023
7023,Haldenstein,GR,46.8829,9.50213
7026,Maladers,GR,46.846,9.57361
7029,Peist,GR,46.8441,9.68947
7032,Laax GR 2,GR,46.8496,9.21228
7056,Molinis,GR,46.8154,9.64778
7057,Langwies,GR,46.8248,9.74683
7058,Litzirüti,GR,46.8,9.70264
7062,Passugg,GR,46.8225,9.55855
7063,Praden,GR,46.8223,9.58362
7064,Tschiertschen,GR,46.7942,9.60795
7074,Malix,GR,46.813,9.51925
7075,Churwalden,GR,46.7839,9.5336
7076,Parpan,GR,46.7775,9.57152
7077,Valbella,GR,46.7535,9.55149
7082,Vaz/Obervaz,GR,46.6989,9.52056
7083,Lantsch/Lenz,GR,46.7082,9.5807
7084,Brienz/Brinzauls GR,GR,46.685,9.60403
7106,Tenna,GR,46.7478,9.32629
7107,Safien Platz,GR,46.714,9.32343
7109,Thalkirch,GR,46.6334,9.28274
7111,Pitasch,GR,46.7232,9.24703
7112,Duvin,GR,46.6976,9.24921
7114,Uors (Lumnezia),GR,46.7051,9.18923
7115,Surcasti,GR,46.6821,9.17042
7126,Castrisch,GR,46.7739,9.24424
7127,Sevgein,GR,46.7583,9.2244
7128,Riein,GR,46.7435,9.26186
7132,Vals,GR,46.5749,9.13197
7134,Obersaxen,GR,46.7211,9.07245
7137,Flond,GR,46.7677,9.16222
7138,Surcuolm,GR,46.7542,9.15264
7141,Luven,GR,46.7561,9.1918
7142,Cumbel,GR,46.7358,9.2023
7143,Morissen,GR,46.7361,9.17488
7144,Vella,GR,46.7226,9.1602
7145,Degen,GR,46.7072,9.17213
7146,Vattiz,GR,46.713,9.13964
7147,Vignogn,GR,46.6953,9.14252
7149,Vrin,GR,46.6254,9.0576
7151,Schluein,GR,46.7901,9.22362
7152,Sagogn,GR,46.7996,9.27677
7153,Falera,GR,46.809,9.23087
7154,Ruschein,GR,46.8304,9.16981
7157,Siat,GR,46.8165,9.15574
7158,Waltensburg/Vuorz,GR,46.8132,9.07893
7159,Andiast,GR,46.8192,9.09874
7162,Tavanasa,GR,46.758,9.07631
7163,Danis,GR,46.7573,9.05481
7164,Dardin,GR,46.7619,9.03756
7165,Breil/Brigels,GR,46.7938,9.03066
7166,Trun,GR,46.7424,8.97983
7167,Zignau,GR,46.7352,9.01162
7168,Schlans,GR,46.7667,9.00203
7172,Rabius,GR,46.7613,8.94372
7173,Surrein,GR,46.6738,8.96922
7174,S. Benedetg,GR,46.752,8.9337
7175,Sumvitg,GR,46.7626,8.90906
7176,Cumpadials,GR,46.7058,8.91798
7180,Disentis/Mustér,GR,46.747,8.84914
7182,Cavardiras,GR,46.7007,8.88307
7183,Mumpé Medel,GR,46.6824,8.83249
7184,Curaglia,GR,46.6537,8.88662
7185,Platta,GR,46.6079,8.83752
7186,Segnas,GR,46.695,8.81801
7187,Camischolas,GR,46.6827,8.76268
7189,Rueras,GR,46.6675,8.7101
7202,Says,GR,46.9011,9.61727
7203,Trimmis,GR,46.8905,9.57418
7204,Untervaz,GR,46.9219,9.51714
7205,Zizers,GR,46.9356,9.57382
7206,Igis,GR,46.9459,9.58248
7208,Malans GR,GR,46.9901,9.58162
7213,Valzeina,GR,46.9435,9.61351
7215,Fanas,GR,47.0085,9.68881
7222,Lunden,GR,46.953,9.71293
7223,Buchen im Prättigau,GR,46.9401,9.7257
7224,Putz,GR,46.9282,9.74197
7231,Pragg-Jenaz,GR,46.9439,9.69655
7232,Furna,GR,46.9149,9.66283
7233,Jenaz,GR,46.8994,9.7048
7235,Fideris,GR,46.8879,9.74076
7240,Küblis,GR,46.9264,9.79666
7241,Conters im Prättigau,GR,46.887,9.78886
7242,Luzein,GR,46.9226,9.76349
7243,Pany,GR,46.9495,9.76877
7244,Gadenstätt,GR,46.9461,9.7917
7245,Ascharina,GR,46.9508,9.82164
7247,Saas im Prättigau,GR,46.9164,9.85397
7249,Serneus,GR,46.8883,9.8352
7252,Klosters Dorf,GR,46.9026,9.91683
7265,Davos Wolfgang,GR,46.8387,9.85805
7272,Davos Clavadel,GR,46.724,9.84601
7276,Davos Frauenkirch,GR,46.7768,9.77129
7277,Davos Glaris,GR,46.7411,9.77175
7278,Davos Monstein,GR,46.6996,9.78617
7303,Mastrils,GR,46.9602,9.53074
7306,Fläsch,GR,47.0408,9.50651
7307,Jenins,GR,47.0131,9.57568
7313,St. Margrethenberg,SG,46.9714,9.51288
7314,Vadura,SG,46.9576,9.49319
7315,Vättis,SG,46.9145,9.38621
7323,Wangs,SG,47.0072,9.41589
7324,Vilters,SG,47.0229,9.46016
7325,Schwendi im Weisstannental,SG,46.9979,9.3695
7326,Weisstannen,SG,46.9732,9.30599
7402,Bonaduz,GR,46.7952,9.37115
7403,Rhäzüns,GR,46.7875,9.39345
7404,Feldis/Veulden,GR,46.7981,9.44349
7405,Rothenbrunnen,GR,46.778,9.42198
7407,Trans,GR,46.7637,9.48299
7411,Sils im Domleschg,GR,46.6921,9.46621
7412,Scharans,GR,46.7196,9.48376
7413,Fürstenaubruck,GR,46.7162,9.45104
7414,Fürstenau,GR,46.7244,9.44938
7416,Almens,GR,46.7439,9.48382
7417,Paspels,GR,46.7525,9.45214
7418,Tumegl/Tomils,GR,46.7653,9.4459
7419,Scheid,GR,46.7847,9.46752
7421,Summaprada,GR,46.7137,9.43076
7422,Tartar,GR,46.7234,9.42049
7425,Masein,GR,46.6967,9.42379
7427,Urmein,GR,46.6872,9.4031
7432,Zillis,GR,46.6394,9.47128
7434,Sufers,GR,46.5586,9.37157
7435,Splügen,GR,46.5384,9.33024
7436,Medels im Rheinwald,GR,46.5535,9.28647
7437,Nufenen,GR,46.5416,9.23969
7438,Hinterrhein,GR,46.5149,9.13625
7440,Andeer,GR,46.5871,9.41902
7442,Clugin,GR,46.6139,9.41336
7443,Pignia,GR,46.6047,9.46777
7444,Ausserferrera,GR,46.5528,9.4618
7446,Campsut-Cröt,GR,46.4259,9.49227
7448,Juf,GR,46.4342,9.58764
7450,Tiefencastel,GR,46.6462,9.61439
7451,Alvaschein,GR,46.6796,9.53932
7452,Cunter,GR,46.6215,9.60556
7453,Tinizong,GR,46.588,9.66211
7454,Rona,GR,46.558,9.6621
7455,Mulegns,GR,46.5056,9.5808
7457,Bivio,GR,46.459,9.66302
7458,Mon,GR,46.65,9.54967
7459,Stierva,GR,46.6583,9.52164
7460,Savognin,GR,46.5827,9.60365
7462,Salouf,GR,46.6136,9.53424
7464,Parsonz,GR,46.5579,9.5435
7472,Surava,GR,46.6585,9.61846
7473,Alvaneu Bad,GR,46.6699,9.65041
7477,Filisur,GR,46.6501,9.6895
7484,Latsch,GR,46.6389,9.75656
7492,Alvaneu Dorf,GR,46.7169,9.64559
7493,Schmitten (Albula),GR,46.7054,9.67904
7494,Davos Wiesen,GR,46.7176,9.72167
7505,Celerina/Schlarigna,GR,46.511,9.84494
7512,Champfèr,GR,46.4781,9.80844
7515,Sils/Segl Baselgia,GR,46.4383,9.74364
7516,Maloja,GR,46.3661,9.72114
7517,Plaun da Lej,GR,46.4284,9.71041
7522,La Punt-Chamues-ch,GR,46.5521,9.9315
7525,S-chanf,GR,46.5946,10.0424
7526,Cinuos-chel,GR,46.6546,9.94729
7530,Zernez,GR,46.6717,10.142
7532,Tschierv,GR,46.6434,10.2995
7533,Fuldera,GR,46.6061,10.3465
7534,Lü,GR,46.6367,10.3738
7535,Valchava,GR,46.6033,10.3873
7536,Sta. Maria Val Müstair,GR,46.5797,10.3718
7537,Müstair,GR,46.6162,10.4568
7542,Susch,GR,46.7523,10.0236
7543,Lavin,GR,46.784,10.1087
7545,Guarda,GR,46.8094,10.1435
7546,Ardez,GR,46.7711,10.1871
7551,Ftan,GR,46.8271,10.2293
7552,Vulpera,GR,46.7886,10.2874
7553,Tarasp,GR,46.7409,10.2478
7557,Vnà,GR,46.8815,10.3526
7558,Strada,GR,46.8418,10.4399
7560,Martina,GR,46.917,10.4567
7562,Samnaun-Compatsch,GR,46.9646,10.4037
7563,Samnaun Dorf,GR,46.9509,10.3594
7602,Casaccia,GR,46.3895,9.65808
7603,Vicosoprano,GR,46.3517,9.62978
7604,Borgonovo,GR,46.3489,9.60749
7605,Stampa,GR,46.3408,9.59342
7608,Castasegna,GR,46.3362,9.52467
7610,Soglio,GR,46.3582,9.53938
7741,S. Carlo (Poschiavo),GR,46.3579,10.0833
7744,Campocologno,GR,46.2369,10.1429
7745,Li Curt,GR,46.3,10.0349
7746,Le Prese,GR,46.2847,10.0876
7747,Viano,GR,46.2622,10.1536
7748,Campascio,GR,46.2394,10.0965
8000,Zürich,ZH,47.3605,8.47522
8001,Zürich,ZH,47.3735,8.54285
8003,Zürich,ZH,47.3746,8.51497
8004,Zürich,ZH,47.3803,8.52151
8008,Zürich,ZH,47.3552,8.55985
8011,Zürich Mülligen SC,ZH,47.377,8.53951
8015,Zürich 15 Zust,ZH,47.3691,8.53801
8022,Zürich,ZH,47.3828,8.53081
8023,Zürich,ZH,47.3828,8.53081
8026,Zürich Helvetiaplatz,ZH,47.3828,8.53081
8030,Zürich,ZH,47.3691,8.53801
8033,Zürich,ZH,47.3828,8.53081
8039,Zürich,ZH,47.3691,8.53801
8040,Zürich,ZH,47.3828,8.53081
8042,Zürich,ZH,47.3828,8.53081
8058,Zürich,ZH,47.3828,8.53081
8060,Zürich,ZH,47.3461,8.51975
8061,Zürich,ZH,47.3691,8.53801
8063,Zürich,ZH,47.3828,8.53081
8066,Zürich,ZH,47.3828,8.53081
8068,Zürich,ZH,47.3691,8.53801
8070,Zürich,ZH,47.3691,8.53801
8071,Zürich CS PZ,ZH,47.3461,8.51975
8075,Zürich,ZH,47.3691,8.53801
8081,Zürich Helsana,ZH,47.3691,8.53801
8085,Zürich Versicherung,ZH,47.3461,8.51975
8086,Zürich Reader's Digest,ZH,47.3461,8.51975
8087,Zürich,ZH,47.3691,8.53801
8088,Zürich,ZH,47.3461,8.51975
8090,Zürich,ZH,47.3691,8.53801
8091,Zürich,ZH,47.3691,8.53801
8092,Zürich ETH-Zentrum,ZH,47.3691,8.53801
8093,Zürich ETH-Hönggerberg,ZH,47.3828,8.53081
8096,Zürich IBRS local,ZH,47.377,8.53951
8098,Zürich,ZH,47.3691,8.53801
8099,Zürich Sonderdienste,ZH,47.3691,8.53801
8103,Unterengstringen,ZH,47.4132,8.44507
8104,Weiningen ZH,ZH,47.4236,8.43369
8108,Dällikon,ZH,47.4408,8.43352
8109,Kloster Fahr,AG,47.4096,8.44016
8112,Otelfingen,ZH,47.4659,8.39079
8113,Boppelsen,ZH,47.4732,8.40803
8114,Dänikon ZH,ZH,47.446,8.40687
8115,Hüttikon,ZH,47.4431,8.39082
8117,Fällanden,ZH,47.3722,8.64309
8118,Pfaffhausen,ZH,47.3671,8.62554
8121,Benglen,ZH,47.3622,8.63852
8122,Binz,ZH,47.3581,8.62808
8123,Ebmatingen,ZH,47.3529,8.64166
8124,Maur,ZH,47.3389,8.67374
8127,Forch,ZH,47.3229,8.64743
8133,Esslingen,ZH,47.2919,8.71494
8136,Gattikon,ZH,47.2838,8.55309
8142,Uitikon Waldegg,ZH,47.3684,8.46043
8154,Oberglatt ZH,ZH,47.4793,8.52499
8156,Oberhasli,ZH,47.4622,8.50099
8158,Regensberg,ZH,47.4796,8.42948
8164,Bachs,ZH,47.5298,8.43042
8166,Niederweningen,ZH,47.5043,8.37614
8172,Niederglatt ZH,ZH,47.4946,8.50153
8173,Neerach,ZH,47.5108,8.47727
8174,Stadel b. Niederglatt,ZH,47.5307,8.46983
8175,Windlach,ZH,47.5473,8.47285
8181,Höri,ZH,47.5089,8.50356
8182,Hochfelden,ZH,47.5293,8.51054
8183,Bülach Dist Ba,ZH,47.5167,8.52624
8184,Bachenbülach,ZH,47.503,8.54619
8185,Winkel,ZH,47.4863,8.55904
8187,Weiach,ZH,47.5575,8.44081
8193,Eglisau,ZH,47.5747,8.52566
8194,Hüntwangen,ZH,47.5932,8.49922
8195,Wasterkingen,ZH,47.5969,8.47277
8196,Wil ZH,ZH,47.6098,8.51009
8197,Rafz,ZH,47.6128,8.54405
8201,Schaffhausen,SH,47.7157,8.64122
8202,Schaffhausen,SH,47.6953,8.63156
8204,Schaffhausen Breite,SH,47.7157,8.64122
8205,Schaffhausen,SH,47.6953,8.63156
8207,Schaffhausen,SH,47.7243,8.67409
8208,Schaffhausen,SH,47.7135,8.63627
8210,Schaffhausen Dist Ba,SH,47.6975,8.63223
8213,Neunkirch,SH,47.6834,8.51295
8214,Gächlingen,SH,47.7122,8.4974
8215,Hallau,SH,47.7019,8.44428
8216,Oberhallau,SH,47.7153,8.47448
8217,Wilchingen,SH,47.6687,8.46142
8218,Osterfingen,SH,47.6583,8.50618
8219,Trasadingen,SH,47.6714,8.42696
8222,Beringen,SH,47.7048,8.57775
8223,Guntmadingen,SH,47.6828,8.55834
8224,Löhningen,SH,47.7049,8.54758
8225,Siblingen,SH,47.7248,8.52353
8226,Schleitheim,SH,47.75,8.49587
8228,Beggingen,SH,47.7666,8.54547
8231,Hemmental,SH,47.7391,8.57916
8232,Merishausen,SH,47.7644,8.60089
8234,Stetten SH,SH,47.7399,8.65925
8238,Büsingen,DE,47.6997,8.69345
8241,Barzheim,SH,47.7615,8.71876
8243,Altdorf SH,SH,47.789,8.65791
8245,Feuerthalen,ZH,47.6894,8.64635
8246,Langwiesen,ZH,47.6839,8.66223
8247,Flurlingen,ZH,47.6838,8.63784
8248,Uhwiesen,ZH,47.6716,8.64772
8252,Schlatt TG,TG,47.6686,8.70002
8254,Basadingen,TG,47.6621,8.74149
8255,Schlattingen,TG,47.6619,8.77022
8261,Hemishofen,SH,47.6897,8.84222
8262,Ramsen,SH,47.7062,8.81589
8263,Buch SH,SH,47.7173,8.78572
8264,Eschenz,TG,47.6379,8.87679
8265,Mammern,TG,47.6481,8.92254
8266,Steckborn,TG,47.6618,8.98783
8267,Berlingen,TG,47.6747,9.02709
8269,Fruthwilen,TG,47.6556,9.0658
8272,Ermatingen,TG,47.6618,9.08732
8273,Triboltingen,TG,47.6613,9.10901
8285,Kreuzlingen Ifolor AG,TG,47.6348,9.14599
8306,Brüttisellen,ZH,47.4232,8.63524
8311,Brütten,ZH,47.4762,8.67355
8312,Winterberg ZH,ZH,47.4601,8.69198
8314,Kyburg,ZH,47.4537,8.74448
8317,Tagelswangen,ZH,47.4288,8.6705
8320,Fehraltorf,ZH,47.3885,8.75113
8325,Effretikon Dist Ba,ZH,47.4378,8.69665
8331,Auslikon,ZH,47.3461,8.80904
8335,Hittnau,ZH,47.3676,8.83039
8342,Wernetshausen,ZH,47.2937,8.87779
8343,Hinwil Dist Ba,ZH,47.2899,8.82084
8344,Bäretswil,ZH,47.3403,8.87249
8345,Adetswil,ZH,47.3432,8.83807
8355,Aadorf,TG,47.4934,8.90866
8356,Ettenhausen TG,TG,47.4757,8.89788
8357,Guntershausen b. Aadorf,TG,47.473,8.92192
8363,Bichelsee,TG,47.4468,8.91877
8372,Wiezikon b. Sirnach,TG,47.4474,8.98813
8401,Winterthur,ZH,47.4985,8.73299
8402,Winterthur,ZH,47.4968,8.73431
8409,Winterthur,ZH,47.5064,8.77976
8410,Winterthur,ZH,47.4999,8.72616
8413,Neftenbach,ZH,47.5314,8.66148
8414,Buch am Irchel,ZH,47.5495,8.62854
8416,Flaach,ZH,47.5861,8.60629
8418,Schlatt ZH,ZH,47.4716,8.82799
8421,Dättlikon,ZH,47.5287,8.62326
8426,Lufingen,ZH,47.485,8.59483
8428,Teufen ZH,ZH,47.5514,8.57744
8442,Hettlingen,ZH,47.5509,8.70739
8444,Henggart,ZH,47.5638,8.68485
8447,Dachsen,ZH,47.6634,8.62459
8451,Kleinandelfingen,ZH,47.6088,8.68564
8452,Adlikon b. Andelfingen,ZH,47.5865,8.70827
8453,Alten,ZH,47.6006,8.64644
8454,Buchberg,SH,47.5724,8.55369
8455,Rüdlingen,SH,47.5885,8.56799
8457,Humlikon,ZH,47.5766,8.67643
8458,Dorf,ZH,47.5725,8.65122
8459,Volken,ZH,47.5778,8.63116
8461,Oerlingen,ZH,47.6242,8.67889
8462,Rheinau,ZH,47.6309,8.61558
8463,Benken ZH,ZH,47.6555,8.65505
8464,Ellikon am Rhein,ZH,47.6037,8.60444
8466,Trüllikon,ZH,47.6383,8.69867
8467,Truttikon,ZH,47.6341,8.73096
8474,Dinhard,ZH,47.5592,8.76423
8475,Ossingen,ZH,47.6139,8.7227
8476,Unterstammheim,ZH,47.6483,8.79065
8477,Oberstammheim,ZH,47.6297,8.80574
8478,Thalheim an der Thur,ZH,47.5839,8.74673
8479,Altikon,ZH,47.5787,8.78524
8482,Sennhof (Winterthur),ZH,47.4683,8.75627
8483,Kollbrunn,ZH,47.457,8.77987
8486,Rikon im Tösstal,ZH,47.4518,8.80496
8492,Wila,ZH,47.4112,8.86633
8493,Saland,ZH,47.3889,8.86123
8495,Schmidrüti,ZH,47.4208,8.91089
8496,Steg im Tösstal,ZH,47.3425,8.95265
8497,Fischenthal,ZH,47.333,8.92689
8498,Gibswil,ZH,47.3234,8.90532
8499,Sternenberg,ZH,47.3903,8.91532
8501,Frauenfeld,TG,47.5555,8.89723
8502,Frauenfeld Talbach,TG,47.558,8.89656
8503,Frauenfeld Kurzdorf,TG,47.558,8.89656
8506,Lanzenneunforn,TG,47.6253,8.93478
8507,Hörhausen,TG,47.643,8.97261
8508,Homburg,TG,47.6306,9.00059
8510,Frauenfeld Kant. Verwaltung,TG,47.5562,8.89581
8514,Amlikon-Bissegg,TG,47.5602,9.03641
8523,Hagenbuch ZH,ZH,47.5173,8.87702
8530,Frauenfeld CALL,TG,47.5562,8.89581
8535,Herdern,TG,47.6119,8.91144
8536,Hüttwilen,TG,47.6122,8.87076
8540,Frauenfeld ST PP 1,TG,47.562,8.87267
8542,Wiesendangen,ZH,47.5237,8.79604
8547,Gachnang,TG,47.5395,8.8562
8548,Ellikon an der Thur,ZH,47.5645,8.82531
8555,Müllheim Dorf,TG,47.6042,9.00488
8558,Raperswilen,TG,47.6381,9.04816
8560,Märstetten,TG,47.5929,9.06923
8561,Ottoberg,TG,47.5914,9.09123
8576,Mauren TG,TG,47.5672,9.15536
8581,Schocherswil,TG,47.5375,9.26562
8587,Oberaach,TG,47.561,9.27383
8588,Zihlschlacht,TG,47.5223,9.26274
8589,Sitterdorf,TG,47.5085,9.25002
8592,Uttwil,TG,47.6008,9.35661
8593,Kesswil,TG,47.6043,9.3277
8594,Güttingen,TG,47.6132,9.30156
8595,Altnau,TG,47.621,9.2732
8597,Landschlacht,TG,47.6386,9.25926
8598,Bottighofen,TG,47.6417,9.2141
8599,Salmsach,TG,47.5558,9.3748
8602,Wangen b. Dübendorf,ZH,47.411,8.65205
8605,Gutenswil,ZH,47.388,8.7191
8607,Aathal-Seegräben,ZH,47.3422,8.76811
8608,Bubikon,ZH,47.2712,8.81309
8612,Uster Niederuster,ZH,47.3497,8.71942
8613,Uster 3,ZH,47.3497,8.71942
8616,Riedikon,ZH,47.3313,8.70993
8617,Mönchaltorf,ZH,47.3136,8.723
8621,Wetzikon ZH Robenhausen,ZH,47.3224,8.79792
8622,Wetzikon ZH,ZH,47.3224,8.79792
8623,Wetzikon ZH,ZH,47.3339,8.81961
8624,Grüt (Gossau ZH),ZH,47.3102,8.78303
8625,Gossau ZH,ZH,47.3054,8.75418
8626,Ottikon (Gossau ZH),ZH,47.2925,8.79011
8627,Grüningen,ZH,47.2807,8.76305
8632,Tann,ZH,47.2694,8.85129
8635,Dürnten,ZH,47.2784,8.85558
8637,Laupen ZH,ZH,47.2681,8.93206
8638,Goldingen,SG,47.2859,8.97496
8639,Faltigberg,ZH,47.2764,8.94225
8646,Wagen,SG,47.2337,8.8878
8707,Uetikon am See,ZH,47.2687,8.68032
8713,Uerikon,ZH,47.2277,8.75656
8714,Feldbach,ZH,47.2358,8.78899
8715,Bollingen,SG,47.2213,8.8918
8716,Schmerikon,SG,47.2259,8.94309
8717,Benken SG,SG,47.1936,8.99719
8718,Schänis,SG,47.1617,9.05973
8726,Ricken SG,SG,47.2612,9.04492
8727,Walde SG,SG,47.2759,9.02405
8732,Neuhaus SG,SG,47.2432,8.94589
8733,Eschenbach SG,SG,47.2464,8.92317
8734,Ermenswil,SG,47.2484,8.89088
8738,Uetliburg SG,SG,47.2423,9.04658
8739,Rieden SG,SG,47.2271,9.07848
8740,Uznach Vögele Versandhaus,SG,47.2243,8.98408
8751,Urnerboden,UR,46.8809,8.90306
8752,Näfels,GL,47.0878,9.00649
8753,Mollis,GL,47.0952,9.09254
8754,Netstal,GL,47.0651,9.04291
8755,Ennenda,GL,47.0458,9.09978
8757,Filzbach,GL,47.103,9.12636
8758,Obstalden,GL,47.0786,9.15485
8759,Netstal,GL,47.0656,9.05739
8765,Engi,GL,46.9996,9.17043
8766,Matt,GL,46.9726,9.19921
8767,Elm,GL,46.9074,9.15757
8772,Nidfurn,GL,46.9889,9.04465
8774,Leuggelbach,GL,46.98,9.03747
8782,Rüti GL,GL,46.9336,9.02238
8783,Linthal,GL,46.8645,8.98028
8784,Braunwald,GL,46.9472,8.98569
8806,Bäch SZ,SZ,47.2057,8.73195
8807,Freienbach,SZ,47.2083,8.75824
8812,Horgen Bahnhof Oberdorf,ZH,47.2487,8.58493
8813,Horgen,ZH,47.2487,8.58493
8815,Horgenberg,ZH,47.2504,8.58319
8816,Hirzel,ZH,47.221,8.60173
8825,Hütten,ZH,47.1744,8.6671
8834,Schindellegi,SZ,47.175,8.71217
8835,Feusisberg,SZ,47.1824,8.75275
8836,Bennau,SZ,47.152,8.71569
8841,Gross,SZ,47.0982,8.76392
8842,Unteriberg,SZ,47.0422,8.80841
8843,Oberiberg,SZ,47.0327,8.76239
8844,Euthal,SZ,47.0918,8.83029
8845,Studen SZ,SZ,47.0453,8.85988
8846,Willerzell,SZ,47.131,8.81153
8847,Egg SZ,SZ,47.1623,8.77859
8849,Alpthal,SZ,47.0591,8.71537
8855,Wangen SZ,SZ,47.2001,8.89243
8856,Tuggen,SZ,47.2028,8.9397
8857,Vorderthal,SZ,47.1276,8.89051
8858,Innerthal,SZ,47.0769,8.91834
8862,Schübelbach,SZ,47.176,8.92832
8863,Buttikon SZ,SZ,47.1688,8.94834
8864,Reichenburg,SZ,47.1623,8.97447
8865,Bilten,GL,47.1492,9.00898
8866,Ziegelbrücke,GL,47.1372,9.06373
8868,Oberurnen,GL,47.1166,9.03729
8872,Weesen,SG,47.1388,9.11179
8873,Amden,SG,47.1611,9.16908
8874,Mühlehorn,GL,47.104,9.17607
8877,Murg,SG,47.1026,9.20692
8879,Pizolpark (Mels),SG,47.0417,9.43365
8880,Walenstadt,SG,47.1237,9.31226
8882,Unterterzen,SG,47.1174,9.24961
8883,Quarten,SG,47.1041,9.23638
8884,Oberterzen,SG,47.0661,9.21517
8885,Mols,SG,47.1127,9.28374
8886,Mädris-Vermol,SG,47.0384,9.34742
8888,Heiligkreuz (Mels),SG,47.0697,9.40971
8889,Plons,SG,47.0631,9.38491
8892,Berschis,SG,47.1149,9.37308
8893,Flums Hochwiese,SG,47.0855,9.3794
8894,Flumserberg Saxli,SG,47.0629,9.33388
8895,Flumserberg Portels,SG,47.0734,9.32385
8896,Flumserberg Bergheim,SG,47.0943,9.3131
8897,Flumserberg Tannenheim,SG,47.0477,9.26764
8898,Flumserberg Tannenbodenalp,SG,47.0852,9.2757
8901,Urdorf Tessi,ZH,47.3866,8.42809
8904,Aesch ZH,ZH,47.3368,8.43412
8906,Bonstetten,ZH,47.318,8.46736
8909,Zwillikon,ZH,47.2909,8.43198
8911,Rifferswil,ZH,47.2464,8.50011
8912,Obfelden,ZH,47.2629,8.42314
8913,Ottenbach,ZH,47.2828,8.41054
8915,Hausen am Albis,ZH,47.2519,8.53034
8916,Jonen,AG,47.301,8.40332
8917,Oberlunkhofen,AG,47.3139,8.39876
8918,Unterlunkhofen,AG,47.3262,8.38427
8919,Rottenschwil,AG,47.3158,8.36703
8925,Ebertswil,ZH,47.2284,8.55705
8933,Maschwanden,ZH,47.2361,8.43026
8934,Knonau,ZH,47.2258,8.46372
8951,Fahrweid,ZH,47.4114,8.41678
8955,Oetwil an der Limmat,ZH,47.4324,8.39895
8956,Killwangen,AG,47.4294,8.34535
8962,Bergdietikon,AG,47.3895,8.37957
8964,Rudolfstetten,AG,47.3697,8.38584
8966,Oberwil-Lieli,AG,47.3385,8.39628
8967,Widen,AG,47.3719,8.35937
9004,St. Gallen,SG,47.4221,9.37595
9006,St. Gallen,SG,47.4221,9.37595
9007,St. Gallen,SG,47.4265,9.37605
9010,St. Gallen,SG,47.4432,9.37481
9011,St. Gallen,SG,47.4168,9.40325
9012,St. Gallen,SG,47.4107,9.36577
9013,St. Gallen Lachen-Vonwil,SG,47.4221,9.37595
9015,St. Gallen,SG,47.4091,9.30834
9020,St. Gallen,SG,47.4265,9.37605
9024,St. Gallen Presse-Serv.Güll,SG,47.4265,9.37605
9026,St. Gallen Künzler AG,SG,47.4265,9.37605
9027,St. Gallen Mona Versand,SG,47.4265,9.37605
9028,St. Gallen,SG,47.4265,9.37605
9029,St. Gallen Sonderdienste,SG,47.4265,9.37605
9032,Engelburg,SG,47.4446,9.34256
9033,Untereggen,SG,47.4552,9.45568
9034,Eggersriet,SG,47.4427,9.46334
9035,Grub AR,AR,47.4426,9.50287
9036,Grub SG,SG,47.4557,9.51089
9037,Speicherschwendi,AR,47.4294,9.43957
9038,Rehetobel,AR,47.4296,9.48559
9042,Speicher,AR,47.4113,9.44223
9043,Trogen,AR,47.4018,9.47799
9044,Wald AR,AR,47.4158,9.50555
9052,Niederteufen,AR,47.3931,9.36374
9055,Bühler,AR,47.38,9.42824
9056,Gais,AR,47.3696,9.47294
9058,Brülisau,AI,47.2812,9.45092
9062,Lustmühle,AR,47.3999,9.35406
9063,Stein AR,AR,47.3779,9.34285
9064,Hundwil,AR,47.353,9.32059
9102,Herisau,AR,47.3829,9.27444
9103,Schwellbrunn,AR,47.3528,9.23737
9104,Waldstatt,AR,47.3583,9.28641
9105,Schönengrund,AR,47.3265,9.22738
9107,Urnäsch,AR,47.2962,9.27898
9112,Schachen b. Herisau,AR,47.3815,9.23839
9114,Hoffeld,SG,47.3573,9.1736
9115,Dicken,SG,47.3379,9.19638
9116,Wolfertswil,SG,47.3973,9.17035
9123,Nassen,SG,47.3803,9.15077
9125,Brunnadern,SG,47.3252,9.14271
9126,Necker,SG,47.348,9.12952
9127,St. Peterzell,SG,47.3217,9.18139
9201,Gossau SG,SG,47.4171,9.25921
9203,Niederwil SG,SG,47.4333,9.20233
9204,Andwil SG,SG,47.4383,9.28042
9205,Waldkirch,SG,47.4643,9.28884
9212,Arnegg,SG,47.4438,9.25366
9213,Hauptwil,TG,47.4836,9.25697
9217,Neukirch an der Thur,TG,47.511,9.17405
9231,Egg (Flawil),SG,47.3956,9.22329
9242,Oberuzwil,SG,47.4306,9.12262
9243,Jonschwil,SG,47.4242,9.09634
9244,Niederuzwil,SG,47.4476,9.14368
9246,Niederbüren,SG,47.4635,9.21616
9247,Henau,SG,47.4571,9.11532
9248,Bichwil,SG,47.4171,9.139
9304,Bernhardzell,SG,47.4683,9.34211
9305,Berg SG,SG,47.4872,9.41272
9306,Freidorf TG,TG,47.4867,9.3871
9308,Lömmenschwil,SG,47.4978,9.34707
9312,Häggenschwil,SG,47.4921,9.33659
9313,Muolen,SG,47.5183,9.31921
9314,Steinebrunn,TG,47.5351,9.34506
9322,Egnach,TG,47.5543,9.40917
9323,Steinach,SG,47.5075,9.45025
9325,Roggwil TG,TG,47.5071,9.39409
9326,Horn,TG,47.5173,9.48544
9327,Tübach,SG,47.4842,9.45493
9401,Rorschach,SG,47.4756,9.49538
9402,Mörschwil,SG,47.4689,9.42734
9404,Rorschacherberg,SG,47.4817,9.5117
9405,Wienacht-Tobel,AR,47.4664,9.53775
9422,Staad SG,SG,47.4934,9.53841
9425,Thal,SG,47.474,9.56649
9426,Lutzenberg,AR,47.4601,9.57699
9434,Au SG,SG,47.4311,9.64026
9436,Balgach,SG,47.3948,9.61326
9437,Marbach SG,SG,47.3878,9.58038
9445,Rebstein,SG,47.3956,9.59107
9451,Kriessern,SG,47.3653,9.60723
9452,Hinterforst,SG,47.3592,9.5291
9453,Eichberg,SG,47.3455,9.52182
9465,Salez,SG,47.2362,9.49742
9466,Sennwald,SG,47.2643,9.50217
9467,Frümsen,SG,47.2519,9.46974
9468,Sax,SG,47.2364,9.44441
9469,Haag (Rheintal),SG,47.2108,9.48877
9473,Gams,SG,47.213,9.43096
9475,Sevelen,SG,47.1309,9.45957
9477,Trübbach,SG,47.0773,9.48735
9485,Nendeln,FL,47.1991,9.55451
9486,Schaanwald,FL,47.2095,9.56775
9487,Gamprin-Bendern,FL,47.2111,9.50921
9488,Schellenberg,FL,47.2395,9.55219
9489,Schaan Log,FL,47.1411,9.52148
9490,Vaduz,FL,47.1477,9.52741
9491,Ruggell,FL,47.247,9.53524
9492,Eschen,FL,47.2097,9.5238
9493,Mauren FL,FL,47.2198,9.54637
9495,Triesen,FL,47.0857,9.54754
9496,Balzers,FL,47.0686,9.50586
9497,Triesenberg,FL,47.1178,9.58711
9498,Planken,FL,47.1834,9.55933
9501,Wil SG 1,SG,47.4555,9.05206
9502,Braunau,TG,47.5057,9.07007
9504,Friltschen,TG,47.5367,9.09016
9506,Lommis,TG,47.5162,8.99884
9507,Stettfurt,TG,47.5264,8.95972
9508,Weingarten-Kalthäusern,TG,47.5267,8.98841
9512,Rossrüti,SG,47.4831,9.07335
9514,Wuppenau,TG,47.4986,9.10702
9515,Hosenruck,TG,47.493,9.13846
9517,Mettlen,TG,47.5355,9.12104
9523,Züberwangen,SG,47.4666,9.09002
9525,Lenggenwil,SG,47.4725,9.14333
9526,Zuckenriet,SG,47.4882,9.1653
9527,Niederhelfenschwil,SG,47.4799,9.1867
9534,Gähwil,SG,47.396,8.99812
9535,Wilen b. Wil,TG,47.4485,9.03333
9536,Schwarzenbach SG,SG,47.442,9.07406
9543,St. Margarethen TG,TG,47.4921,9.00402
9546,Tuttwil,TG,47.4817,8.94975
9547,Wittenwil,TG,47.5047,8.9239
9552,Bronschhofen,SG,47.4817,9.03106
9553,Bettwiesen,TG,47.499,9.01989
9554,Tägerschen,TG,47.5076,9.02905
9555,Tobel,TG,47.5181,9.04531
9573,Littenheid,TG,47.4423,9.0085
9601,Lütisburg Station,SG,47.3823,9.06873
9606,Bütschwil,SG,47.3576,9.07037
9607,Mosnang,SG,47.3611,9.04031
9608,Ganterschwil,SG,47.3754,9.0968
9612,Dreien,SG,47.357,9.00589
9613,Mühlrüti,SG,47.3689,8.97865
9614,Libingen,SG,47.3245,9.01872
9615,Dietfurt,SG,47.338,9.07019
9620,Lichtensteig,SG,47.3209,9.09144
9621,Oberhelfenschwil,SG,47.3496,9.10816
9622,Krinau,SG,47.318,9.05254
9631,Ulisbach,SG,47.2868,9.11835
9643,Krummenau,SG,47.2599,9.19089
9650,Nesslau,SG,47.2132,9.18442
9651,Ennetbühl,SG,47.247,9.26031
9652,Neu St. Johann,SG,47.2429,9.19172
9655,Stein SG,SG,47.2031,9.23099
9656,Alt St. Johann,SG,47.1787,9.26593
9657,Unterwasser,SG,47.1977,9.30775
9658,Wildhaus,SG,47.2179,9.35398
